PERIOD,PRIMARY_LABEL,SECONDARY_LABEL,ACCOUNT,CATEGORY,SUBCATEGORY,BASE_TOKEN_ADDRESS,VALUE_BASE_TOKEN,VALUE_USD,VALUE_ETH,TOKEN_PRICE,TOKEN_ETH_PRICE,QTY,QTY_USD,QTY_ETH,LAG_QTY,LAG_PRICE_USD,LAG_PRICE_ETH,HASH,HASH_KEY
2023-04-30 00:00:00.000,2. Liabilities,2.1. Staked Assets,2.1.1. stETH in Circulation,-,1. Historical,0x307863303261616133396232323366653864306130653563346632376561643930383363373536636332,0.0,0,0,0,0,0.0,0,0,0,0,0,noHash:DailyMarkToMarket,466fb954c0cf848f936490bf3898b9e04ebf775002d8a6c008a29c9fa0af2c76
2023-05-01 00:00:00.000,2. Liabilities,2.1. Staked Assets,2.1.1. stETH in Circulation,-,1. Historical,0x307863303261616133396232323366653864306130653563346632376561643930383363373536636332,0.0,0,0,0,0,0.0,0,0,0,0,0,noHash:DailyMarkToMarket,971853e7db5fcbf628c11a6acd43c6974548058db1c42f7f0f7d8a89f0446358
2023-04-30 00:00:00.000,3. Surplus,3.2. Operating Performance,3.2.4. Operating expenses,3.2.4.1. Operating expenses,1. Historical,0x307835613938666362656135313663663036383537323135373739666438313263613362656631623332,0.0,0,0,0,0,0.0,0,0,0,0,0,noHash:DailyMarkToMarket,2a7b4de0b77ee9c1fc0f65665dc5f3437cfcd4d520cf9afb244d1af52f8a20e0
2023-05-01 00:00:00.000,3. Surplus,3.2. Operating Performance,3.2.4. Operating expenses,3.2.4.1. Operating expenses,1. Historical,0x307835613938666362656135313663663036383537323135373739666438313263613362656631623332,0.0,0,0,0,0,0.0,0,0,0,0,0,noHash:DailyMarkToMarket,ae233b24ee93dee98e062b8f14fce5e2b4d5b109edc203570b803cdfc7f83c3d
2023-04-30 00:00:00.000,2. Liabilities,2.2. Slashing Provision,2.2.1. Slashing Provision,-,1. Historical,0x307863303261616133396232323366653864306130653563346632376561643930383363373536636332,0.0,0,0,0,0,0.0,0,0,0,0,0,noHash:DailyMarkToMarket,de9220f5755cc051ed204033f72387c0f3e4f31567a68756a7024b5ca1c39469
2023-05-01 00:00:00.000,2. Liabilities,2.2. Slashing Provision,2.2.1. Slashing Provision,-,1. Historical,0x307863303261616133396232323366653864306130653563346632376561643930383363373536636332,0.0,0,0,0,0,0.0,0,0,0,0,0,noHash:DailyMarkToMarket,67881badb5db02eaf547f9c6a092dc6ab648cfc15e6dc24e7d2e5121307df0bf
2023-04-30 00:00:00.000,3. Surplus,3.2. Operating Performance,3.2.4. Operating expenses,3.2.4.2. LEGO grants,1. Historical,0x307836623137353437346538393039346334346461393862393534656564656163343935323731643066,0.0,0,0,0,0,0.0,0,0,0,0,0,noHash:DailyMarkToMarket,f42546d3d819d96f6666ec3bcb52ae7a57d394e6f42c492c267968595a320607
2023-05-01 00:00:00.000,3. Surplus,3.2. Operating Performance,3.2.4. Operating expenses,3.2.4.2. LEGO grants,1. Historical,0x307836623137353437346538393039346334346461393862393534656564656163343935323731643066,0.0,0,0,0,0,0.0,0,0,0,0,0,noHash:DailyMarkToMarket,15b530c11b64b220a5c4eb28e2312986dbcdd338d47b0fbacc2ae69f36e0b41d
2023-04-30 00:00:00.000,1. Assets,1.3. Protocol Assets,1.3.1. Protocol Assets,1.3.1.2. DAI,1. Historical,0x307836623137353437346538393039346334346461393862393534656564656163343935323731643066,0.0,0,0,0,0,0.0,0,0,0,0,0,noHash:DailyMarkToMarket,c732ec6bff23e2662a15141387363255d9579a98c3376b22fb735039f1e9cf40
2023-05-01 00:00:00.000,1. Assets,1.3. Protocol Assets,1.3.1. Protocol Assets,1.3.1.2. DAI,1. Historical,0x307836623137353437346538393039346334346461393862393534656564656163343935323731643066,0.0,0,0,0,0,0.0,0,0,0,0,0,noHash:DailyMarkToMarket,c775d68b59e892b1088ca8a9b656c06e99ff83c487d7bad1a937debfdbc30310
2023-04-30 00:00:00.000,2. Liabilities,2.2. Slashing Provision,2.2.1. Slashing Provision,-,1. Historical,0x307861653761623936353230646533613138653565313131623565616162303935333132643766653834,0.0,0,0,0,0,0.0,0,0,0,0,0,noHash:DailyMarkToMarket,01ba68016ea0842d4b9a5d06faa342dc1c0d50338edba3d62a58fc21e7ba9b8d
2023-04-30 00:00:00.000,2. Liabilities,2.2. Slashing Provision,2.2.1. Slashing Provision,-,1. Historical,0x307861653761623936353230646533613138653565313131623565616162303935333132643766653834,0.0,0,0,0,0,0.0,0,0,0,0,0,0x204ea0b169c6f7d2a36eae4ebc7839a255a29a4d99295c49be078bcf6ddf74fd,2dfaf0f9ef95e8e776ad17cd57a1ff934729104074d413d8b5a5d7e37d2bea07
2023-05-01 00:00:00.000,2. Liabilities,2.2. Slashing Provision,2.2.1. Slashing Provision,-,1. Historical,0x307861653761623936353230646533613138653565313131623565616162303935333132643766653834,0.0,0,0,0,0,0.0,0,0,0,0,0,noHash:DailyMarkToMarket,c66e00040b7c7c6e7a421869f60638cbe59d956d5a848356e58377f439e71e1a
2023-04-30 00:00:00.000,3. Surplus,3.2. Operating Performance,3.2.1. Net Revenue,3.2.1.1. Gross staking rewards (+),1. Historical,0x307861653761623936353230646533613138653565313131623565616162303935333132643766653834,8.648069450442956e+20,0,8.648069450442956e+20,0,0,8.648069450442956e+20,0,0,0,0,0,0x204ea0b169c6f7d2a36eae4ebc7839a255a29a4d99295c49be078bcf6ddf74fd,d98aa5b5d29688d87ab60e1abd85c3a4e771a87cebc10711ce9ab600f7a0f8d3
2023-04-30 00:00:00.000,3. Surplus,3.2. Operating Performance,3.2.1. Net Revenue,3.2.1.1. Gross staking rewards (+),1. Historical,0x307861653761623936353230646533613138653565313131623565616162303935333132643766653834,0.0,0,0,0,0,8.648069450442956e+20,0,0,8.648069450442956e+20,0,0,noHash:DailyMarkToMarket,7155de7e52560dbf7f1034a94959ec6f02c0c7e4409b292887329b458dd5ec36
2023-05-01 00:00:00.000,3. Surplus,3.2. Operating Performance,3.2.1. Net Revenue,3.2.1.1. Gross staking rewards (+),1. Historical,0x307861653761623936353230646533613138653565313131623565616162303935333132643766653834,0.0,0,0,0,0,8.648069450442956e+20,0,0,8.648069450442956e+20,0,0,noHash:DailyMarkToMarket,ce87c4af43023c04cb5a81f2145a1039f23f3b73ae9a6d31a2458442d77a715a
2023-04-30 00:00:00.000,3. Surplus,3.2. Operating Performance,3.2.5. Other income,-,1. Historical,0x307864616331376639353864326565353233613232303632303639393435393763313364383331656337,0.0,0,0,0,0,0.0,0,0,0,0,0,noHash:DailyMarkToMarket,2f0e6a7caf6c55d89acd0275e4388e918c48dbdaa3f2b9d3db8037b952ec3118
2023-05-01 00:00:00.000,3. Surplus,3.2. Operating Performance,3.2.5. Other income,-,1. Historical,0x307864616331376639353864326565353233613232303632303639393435393763313364383331656337,0.0,0,0,0,0,0.0,0,0,0,0,0,noHash:DailyMarkToMarket,d914a2f7361f31a65b92cebb837e43489faad47138fffcb3a9290d072a459c59
2023-04-30 00:00:00.000,3. Surplus,3.2. Operating Performance,3.2.4. Operating expenses,3.2.4.1. Operating expenses,1. Historical,0x307836623137353437346538393039346334346461393862393534656564656163343935323731643066,0.0,0,0,0,0,0.0,0,0,0,0,0,noHash:DailyMarkToMarket,5a521f8a5cad5831c0108c4069ce680c05d7d6e9176646c88e92f156169bff4c
2023-05-01 00:00:00.000,3. Surplus,3.2. Operating Performance,3.2.4. Operating expenses,3.2.4.1. Operating expenses,1. Historical,0x307836623137353437346538393039346334346461393862393534656564656163343935323731643066,0.0,0,0,0,0,0.0,0,0,0,0,0,noHash:DailyMarkToMarket,31c0ea1ed444b2fead4b35c325ac58b5448a05c679b4d254f1ed90faa60126f4
2023-04-30 00:00:00.000,3. Surplus,3.3. LDO token transactions,3.3.1. LDO Contra Equity,3.3.1.2. Deposit Referrals,1. Historical,0x307835613938666362656135313663663036383537323135373739666438313263613362656631623332,0.0,0,0,0,0,0.0,0,0,0,0,0,noHash:DailyMarkToMarket,8f8e162357bf1b0057dc7685d59b015a953623d4229f3d2aa8b5cfb4272e3f67
2023-05-01 00:00:00.000,3. Surplus,3.3. LDO token transactions,3.3.1. LDO Contra Equity,3.3.1.2. Deposit Referrals,1. Historical,0x307835613938666362656135313663663036383537323135373739666438313263613362656631623332,0.0,0,0,0,0,0.0,0,0,0,0,0,noHash:DailyMarkToMarket,1f31c0936b053f355af1085ce4c45688f55e0cf860fe2ec3372d93d5391611ae
2023-04-30 00:00:00.000,3. Surplus,3.2. Operating Performance,3.2.2. Cost of Revenue,3.2.2.3. Other costs of revenue (-),1. Historical,0x307863303261616133396232323366653864306130653563346632376561643930383363373536636332,0.0,0,0,0,0,0.0,0,0,0,0,0,noHash:DailyMarkToMarket,8ed769672d5179ec665c8a826b6ee2751276b58effe16c213d2c13510a03d3ba
2023-05-01 00:00:00.000,3. Surplus,3.2. Operating Performance,3.2.2. Cost of Revenue,3.2.2.3. Other costs of revenue (-),1. Historical,0x307863303261616133396232323366653864306130653563346632376561643930383363373536636332,0.0,0,0,0,0,0.0,0,0,0,0,0,noHash:DailyMarkToMarket,2d03e833dee6828991f37dc3186b51515e735bddbb279e1a92069e1d07a4de99
2023-04-30 00:00:00.000,3. Surplus,3.2. Operating Performance,3.2.2. Cost of Revenue,3.2.2.2. Provision for slashing (-),1. Historical,0x307861653761623936353230646533613138653565313131623565616162303935333132643766653834,0.0,0,0,0,0,0.0,0,0,0,0,0,0x204ea0b169c6f7d2a36eae4ebc7839a255a29a4d99295c49be078bcf6ddf74fd,3cf74a2e417bd4029a7938ac31582c3562c476d916a4d96208c0ffa310bbed39
2023-04-30 00:00:00.000,3. Surplus,3.2. Operating Performance,3.2.2. Cost of Revenue,3.2.2.2. Provision for slashing (-),1. Historical,0x307861653761623936353230646533613138653565313131623565616162303935333132643766653834,0.0,0,0,0,0,0.0,0,0,0,0,0,noHash:DailyMarkToMarket,280c2e3460067ad8972d3f2f35a22e23173c660a4007e2c1aa3bbcd398db6fc4
2023-05-01 00:00:00.000,3. Surplus,3.2. Operating Performance,3.2.2. Cost of Revenue,3.2.2.2. Provision for slashing (-),1. Historical,0x307861653761623936353230646533613138653565313131623565616162303935333132643766653834,0.0,0,0,0,0,0.0,0,0,0,0,0,noHash:DailyMarkToMarket,61008911cfe67c95dead7740c46f8ba9dd1f7aedce41314e6d2c1d30fce75f41
2023-04-30 00:00:00.000,3. Surplus,3.2. Operating Performance,3.2.3. Sales & Marketing Incentives,3.2.3.3. Domain Incentives,1. Historical,0x307835613938666362656135313663663036383537323135373739666438313263613362656631623332,0.0,0,0,0,0,0.0,0,0,0,0,0,noHash:DailyMarkToMarket,3d3e2961b58dc733f9fe82649e7c1634a1c1b77a74c95d268d8aa45c5119c1d6
2023-05-01 00:00:00.000,3. Surplus,3.2. Operating Performance,3.2.3. Sales & Marketing Incentives,3.2.3.3. Domain Incentives,1. Historical,0x307835613938666362656135313663663036383537323135373739666438313263613362656631623332,0.0,0,0,0,0,0.0,0,0,0,0,0,noHash:DailyMarkToMarket,c38029e21ced7da13906b5a2c2c2a1c40324351bc0171b0f0d16fd186873e995
2023-04-30 00:00:00.000,1. Assets,1.3. Protocol Assets,1.3.1. Protocol Assets,1.3.1.1. stETH,1. Historical,0x307863303261616133396232323366653864306130653563346632376561643930383363373536636332,0.0,0,0,0,0,0.0,0,0,0,0,0,noHash:DailyMarkToMarket,a9cd5cce0f264b55c68949998d1cbb29140bf5b4f35f286ab3fbe5bf51f0f4b4
2023-05-01 00:00:00.000,1. Assets,1.3. Protocol Assets,1.3.1. Protocol Assets,1.3.1.1. stETH,1. Historical,0x307863303261616133396232323366653864306130653563346632376561643930383363373536636332,0.0,0,0,0,0,0.0,0,0,0,0,0,noHash:DailyMarkToMarket,31b0a8083cc72014c1fbc65d27fd494c9756aa23a9bf29cf559f7bd30339d7b6
2023-04-30 00:00:00.000,3. Surplus,3.2. Operating Performance,3.2.1. Net Revenue,3.2.1.1. Gross staking rewards (+),1. Historical,0x307863303261616133396232323366653864306130653563346632376561643930383363373536636332,0.0,0,0,0,0,0.0,0,0,0,0,0,noHash:DailyMarkToMarket,9fad13bb793485f6400854602638c0be1c13ce60055670d1b72bbeda1fd14332
2023-05-01 00:00:00.000,3. Surplus,3.2. Operating Performance,3.2.1. Net Revenue,3.2.1.1. Gross staking rewards (+),1. Historical,0x307863303261616133396232323366653864306130653563346632376561643930383363373536636332,0.0,0,0,0,0,0.0,0,0,0,0,0,noHash:DailyMarkToMarket,9692fdc53b1c64350e77c0b8ad1c39bb76b6e370a2a8a0d3fff4e3bacd384305
2023-04-30 00:00:00.000,3. Surplus,3.2. Operating Performance,3.2.1. Net Revenue,3.2.1.2. Staking rewards to holders (-),1. Historical,0x307863303261616133396232323366653864306130653563346632376561643930383363373536636332,0.0,0,0,0,0,0.0,0,0,0,0,0,noHash:DailyMarkToMarket,fe0b3427245fb7a3e25833b5249faf2416d13a96da68db391a98b427f3584b2e
2023-05-01 00:00:00.000,3. Surplus,3.2. Operating Performance,3.2.1. Net Revenue,3.2.1.2. Staking rewards to holders (-),1. Historical,0x307863303261616133396232323366653864306130653563346632376561643930383363373536636332,0.0,0,0,0,0,0.0,0,0,0,0,0,noHash:DailyMarkToMarket,529e855912de60decec6e3ac81316f652b6d4894ef48a341795a46bf95c181f3
2023-04-30 00:00:00.000,3. Surplus,3.2. Operating Performance,3.2.2. Cost of Revenue,3.2.2.2. Provision for slashing (-),1. Historical,0x307863303261616133396232323366653864306130653563346632376561643930383363373536636332,0.0,0,0,0,0,0.0,0,0,0,0,0,noHash:DailyMarkToMarket,9d3d80f093d7b15cb03176305b4ab75fcb3b414dafb8fadc53fd677c5b755a68
2023-05-01 00:00:00.000,3. Surplus,3.2. Operating Performance,3.2.2. Cost of Revenue,3.2.2.2. Provision for slashing (-),1. Historical,0x307863303261616133396232323366653864306130653563346632376561643930383363373536636332,0.0,0,0,0,0,0.0,0,0,0,0,0,noHash:DailyMarkToMarket,f977028c19df5304cdcb9de5ec44a5e43a6ff386e15de3f6b475ac923c4c1cb6
2023-04-30 00:00:00.000,3. Surplus,3.2. Operating Performance,3.2.5. Other income,-,1. Historical,0x307863303261616133396232323366653864306130653563346632376561643930383363373536636332,0.0,0,0,0,0,0.0,0,0,0,0,0,0xad430edf3531413b9c6ce6021e6817c9f7ad4fea205fc60e12aec8d378284b71,fb730024692f641da7ed0f683fc400f1561db5a8d9a3f33d5a5c52e2dbe5bbcc
2023-04-30 00:00:00.000,3. Surplus,3.2. Operating Performance,3.2.5. Other income,-,1. Historical,0x307863303261616133396232323366653864306130653563346632376561643930383363373536636332,0.0,0,0,0,0,0.0,0,0,0,0,0,0x8538d896d330da070d077e9cabdf250a07006a765c648af6bf542f948d4c37f4,d0641f812d0688751ce6a99304f20aaeff959a1952ef840a11c00c4ccd01ceb2
2023-04-30 00:00:00.000,3. Surplus,3.2. Operating Performance,3.2.5. Other income,-,1. Historical,0x307863303261616133396232323366653864306130653563346632376561643930383363373536636332,0.0,0,0,0,0,0.0,0,0,0,0,0,noHash:DailyMarkToMarket,378cffd0bb07c68612ed946bed40ea7b7683f7bf66f49a3c39798fb5d2b06fb5
2023-05-01 00:00:00.000,3. Surplus,3.2. Operating Performance,3.2.5. Other income,-,1. Historical,0x307863303261616133396232323366653864306130653563346632376561643930383363373536636332,0.0,0,0,0,0,0.0,0,0,0,0,0,noHash:DailyMarkToMarket,ba2237bbe387180cb2a931cff6adff3b5ce6b44da4f2a8fe50c6183d0c89bace
2023-04-30 00:00:00.000,3. Surplus,3.1. Protocol Capital,3.1.1. Protocol Assets,3.1.1.2. DAI,1. Historical,0x307836623137353437346538393039346334346461393862393534656564656163343935323731643066,0.0,0,0,0,0,0.0,0,0,0,0,0,noHash:DailyMarkToMarket,24d1286d31409ab1cf768c9867aeafc1f9fa766ac87f1c9005d4ea852d50219e
2023-05-01 00:00:00.000,3. Surplus,3.1. Protocol Capital,3.1.1. Protocol Assets,3.1.1.2. DAI,1. Historical,0x307836623137353437346538393039346334346461393862393534656564656163343935323731643066,0.0,0,0,0,0,0.0,0,0,0,0,0,noHash:DailyMarkToMarket,608311a8b7d8c77f0372c0fea058f1f983cef2fae3715c6f0c05ed286cfe1b08
2023-04-30 00:00:00.000,3. Surplus,3.2. Operating Performance,3.2.4. Operating expenses,3.2.4.2. LEGO grants,1. Historical,0x307835613938666362656135313663663036383537323135373739666438313263613362656631623332,0.0,0,0,0,0,0.0,0,0,0,0,0,noHash:DailyMarkToMarket,239745283b65afd939390b1451f71c198989809ba7d6df0ab109f1ab03ded618
2023-05-01 00:00:00.000,3. Surplus,3.2. Operating Performance,3.2.4. Operating expenses,3.2.4.2. LEGO grants,1. Historical,0x307835613938666362656135313663663036383537323135373739666438313263613362656631623332,0.0,0,0,0,0,0.0,0,0,0,0,0,noHash:DailyMarkToMarket,6246e0888bd8660dc19021db23bdc69172d44c4c5e35ede1e6c15474c7803dfa
2023-04-30 00:00:00.000,3. Surplus,3.2. Operating Performance,3.2.2. Cost of Revenue,3.2.2.1. Staking rewards to node operators (-),1. Historical,0x307861653761623936353230646533613138653565313131623565616162303935333132643766653834,-4.324034725221478e+19,0,-4.324034725221478e+19,0,0,-4.324034725221478e+19,0,0,0,0,0,0x204ea0b169c6f7d2a36eae4ebc7839a255a29a4d99295c49be078bcf6ddf74fd,82802a8d907c400910e27bcf289cde71d93168bd3c95e0ca808eb0ec197fd0b7
2023-04-30 00:00:00.000,3. Surplus,3.2. Operating Performance,3.2.2. Cost of Revenue,3.2.2.1. Staking rewards to node operators (-),1. Historical,0x307861653761623936353230646533613138653565313131623565616162303935333132643766653834,0.0,0,0,0,0,-4.324034725221478e+19,0,0,-4.324034725221478e+19,0,0,noHash:DailyMarkToMarket,afa209039b4194f8f97bad8782d19e8d0b63589bc730acfa6762e506c88de244
2023-05-01 00:00:00.000,3. Surplus,3.2. Operating Performance,3.2.2. Cost of Revenue,3.2.2.1. Staking rewards to node operators (-),1. Historical,0x307861653761623936353230646533613138653565313131623565616162303935333132643766653834,0.0,0,0,0,0,-4.324034725221478e+19,0,0,-4.324034725221478e+19,0,0,noHash:DailyMarkToMarket,85f5a38bf07fa17e447fc8cc7d9efa145bce2a1b695d5d9a4ea35c30d5d4a543
2023-04-30 00:00:00.000,3. Surplus,3.2. Operating Performance,3.2.1. Net Revenue,3.2.1.2. Staking rewards to holders (-),1. Historical,0x307861653761623936353230646533613138653565313131623565616162303935333132643766653834,-7.78326250539866e+20,0,-7.78326250539866e+20,0,0,-7.78326250539866e+20,0,0,0,0,0,0x204ea0b169c6f7d2a36eae4ebc7839a255a29a4d99295c49be078bcf6ddf74fd,ec9b1c440d460af67682ac1e63630e165080d4e5186bbabaf0b9cff9b6feaa31
2023-04-30 00:00:00.000,3. Surplus,3.2. Operating Performance,3.2.1. Net Revenue,3.2.1.2. Staking rewards to holders (-),1. Historical,0x307861653761623936353230646533613138653565313131623565616162303935333132643766653834,0.0,0,0,0,0,-7.78326250539866e+20,0,0,-7.78326250539866e+20,0,0,noHash:DailyMarkToMarket,5ecfffc8a54644ac4b78ad675f0bf3c528119de9d20a962de10442ebf7a04d43
2023-05-01 00:00:00.000,3. Surplus,3.2. Operating Performance,3.2.1. Net Revenue,3.2.1.2. Staking rewards to holders (-),1. Historical,0x307861653761623936353230646533613138653565313131623565616162303935333132643766653834,0.0,0,0,0,0,-7.78326250539866e+20,0,0,-7.78326250539866e+20,0,0,noHash:DailyMarkToMarket,347782cc15a9d3cacaa273a8e49cf3698d1004cbcf94e6f3a166b3d4c6fdc9fc
2023-04-30 00:00:00.000,3. Surplus,3.2. Operating Performance,3.2.4. Operating expenses,3.2.4.4. Other,1. Historical,0x307861306238363939316336323138623336633164313964346132653965623063653336303665623438,0.0,0,0,0,0,0.0,0,0,0,0,0,noHash:DailyMarkToMarket,291597ee808723f26d1537c77803c61f9afdba107cdd1074ef74fef083f1872f
2023-05-01 00:00:00.000,3. Surplus,3.2. Operating Performance,3.2.4. Operating expenses,3.2.4.4. Other,1. Historical,0x307861306238363939316336323138623336633164313964346132653965623063653336303665623438,0.0,0,0,0,0,0.0,0,0,0,0,0,noHash:DailyMarkToMarket,92efae10f8e97cb99a24e1079e2b5f10415f927e8cf2a14a6fadfdfa3f25a6f9
2023-04-30 00:00:00.000,3. Surplus,3.2. Operating Performance,3.2.5. Other income,-,1. Historical,0x307861306238363939316336323138623336633164313964346132653965623063653336303665623438,0.0,0,0,0,0,0.0,0,0,0,0,0,noHash:DailyMarkToMarket,0e09cc951f9ee5fb3929ed832e8c1f1fde072dacc2ba6a2cb8f231b0f2260fc6
2023-05-01 00:00:00.000,3. Surplus,3.2. Operating Performance,3.2.5. Other income,-,1. Historical,0x307861306238363939316336323138623336633164313964346132653965623063653336303665623438,0.0,0,0,0,0,0.0,0,0,0,0,0,noHash:DailyMarkToMarket,f598fa42f85149e646a1dd3bc305c5ac95175677e247025a15718c10c5077554
2023-04-30 00:00:00.000,3. Surplus,3.2. Operating Performance,3.2.2. Cost of Revenue,3.2.2.1. Staking rewards to node operators (-),1. Historical,0x307863303261616133396232323366653864306130653563346632376561643930383363373536636332,0.0,0,0,0,0,0.0,0,0,0,0,0,noHash:DailyMarkToMarket,0029ce9c39bd593a966b8a8295d3b0796d8c0d5e7d9152052737f672258a069d
2023-05-01 00:00:00.000,3. Surplus,3.2. Operating Performance,3.2.2. Cost of Revenue,3.2.2.1. Staking rewards to node operators (-),1. Historical,0x307863303261616133396232323366653864306130653563346632376561643930383363373536636332,0.0,0,0,0,0,0.0,0,0,0,0,0,noHash:DailyMarkToMarket,75ea67b5d5ad869ce943ffde014536ad74a1fe3a5d0195fcf74d9d89d786ecbd
2023-04-30 00:00:00.000,3. Surplus,3.2. Operating Performance,3.2.4. Operating expenses,3.2.4.4. Other,1. Historical,0x307836623137353437346538393039346334346461393862393534656564656163343935323731643066,0.0,0,0,0,0,0.0,0,0,0,0,0,noHash:DailyMarkToMarket,3eff3e5670617d146338ed0a74dc03155ccd3c6cb31a6b705da0b054a658e69d
2023-05-01 00:00:00.000,3. Surplus,3.2. Operating Performance,3.2.4. Operating expenses,3.2.4.4. Other,1. Historical,0x307836623137353437346538393039346334346461393862393534656564656163343935323731643066,0.0,0,0,0,0,0.0,0,0,0,0,0,noHash:DailyMarkToMarket,d37788a635fa8b571fa1e165c7e18ab8e5cc7b2506a446c2da525d5571709d1d
2023-04-30 00:00:00.000,1. Assets,1.3. Protocol Assets,1.3.1. Protocol Assets,1.3.1.3. ETH,1. Historical,0x307863303261616133396232323366653864306130653563346632376561643930383363373536636332,0.0,0,0,0,0,0.0,0,0,0,0,0,0x8538d896d330da070d077e9cabdf250a07006a765c648af6bf542f948d4c37f4,ae818e0dc5bd5a0b9a1347a098663b58a7079a12aab8e221a24168b69a4adade
2023-04-30 00:00:00.000,1. Assets,1.3. Protocol Assets,1.3.1. Protocol Assets,1.3.1.3. ETH,1. Historical,0x307863303261616133396232323366653864306130653563346632376561643930383363373536636332,0.0,0,0,0,0,0.0,0,0,0,0,0,0xad430edf3531413b9c6ce6021e6817c9f7ad4fea205fc60e12aec8d378284b71,a99b38771492159f113d9485c593ba9c9427237f60017c0dce37c5dea7315e95
2023-04-30 00:00:00.000,1. Assets,1.3. Protocol Assets,1.3.1. Protocol Assets,1.3.1.3. ETH,1. Historical,0x307863303261616133396232323366653864306130653563346632376561643930383363373536636332,0.0,0,0,0,0,0.0,0,0,0,0,0,noHash:DailyMarkToMarket,a8a483cbfa9c2429b3ac470011c61bdb42432c152cc7d672f1d9f06b2e0c9d79
2023-05-01 00:00:00.000,1. Assets,1.3. Protocol Assets,1.3.1. Protocol Assets,1.3.1.3. ETH,1. Historical,0x307863303261616133396232323366653864306130653563346632376561643930383363373536636332,0.0,0,0,0,0,0.0,0,0,0,0,0,noHash:DailyMarkToMarket,8fcff0f9ee72f77f2cd2286ed7ad107521005cae2413a3c12dd993d06d30619f
2023-04-30 00:00:00.000,3. Surplus,3.1. Protocol Capital,3.1.1. Protocol Assets,3.1.1.3. ETH,1. Historical,0x307863303261616133396232323366653864306130653563346632376561643930383363373536636332,0.0,0,0,0,0,0.0,0,0,0,0,0,noHash:DailyMarkToMarket,dd5c7a83bcc4d9216bdd5d27331e7611aee2665521d7359637234e74aa5313e8
2023-05-01 00:00:00.000,3. Surplus,3.1. Protocol Capital,3.1.1. Protocol Assets,3.1.1.3. ETH,1. Historical,0x307863303261616133396232323366653864306130653563346632376561643930383363373536636332,0.0,0,0,0,0,0.0,0,0,0,0,0,noHash:DailyMarkToMarket,11539b51cc2e781c7981ee2eab3c6845788e493b904b077a50f20a247cdfd199
2023-04-30 00:00:00.000,3. Surplus,3.2. Operating Performance,3.2.4. Operating expenses,3.2.4.1. Operating expenses,1. Historical,0x307861306238363939316336323138623336633164313964346132653965623063653336303665623438,0.0,0,0,0,0,0.0,0,0,0,0,0,noHash:DailyMarkToMarket,709697e3767dc15f4c7fd734a982eb52e65a9aeda2cc857a6e74ae28a3169048
2023-05-01 00:00:00.000,3. Surplus,3.2. Operating Performance,3.2.4. Operating expenses,3.2.4.1. Operating expenses,1. Historical,0x307861306238363939316336323138623336633164313964346132653965623063653336303665623438,0.0,0,0,0,0,0.0,0,0,0,0,0,noHash:DailyMarkToMarket,0821f2b5ea9511bb9aed158bae4b3daca01aa9a80f58e2c33d971ce87d2de999
2023-04-30 00:00:00.000,3. Surplus,3.2. Operating Performance,3.2.4. Operating expenses,3.2.4.4. Other,1. Historical,0x307863303261616133396232323366653864306130653563346632376561643930383363373536636332,0.0,0,0,0,0,0.0,0,0,0,0,0,0xad430edf3531413b9c6ce6021e6817c9f7ad4fea205fc60e12aec8d378284b71,90df1b62eabce127760a7308099d30e53e99866c81890d83f3b1c9e34ff04f59
2023-04-30 00:00:00.000,3. Surplus,3.2. Operating Performance,3.2.4. Operating expenses,3.2.4.4. Other,1. Historical,0x307863303261616133396232323366653864306130653563346632376561643930383363373536636332,0.0,0,0,0,0,0.0,0,0,0,0,0,0x8538d896d330da070d077e9cabdf250a07006a765c648af6bf542f948d4c37f4,aa2b3504c5dc694c0120931a1e797645233fee43de25023b946594b705691cf7
2023-04-30 00:00:00.000,3. Surplus,3.2. Operating Performance,3.2.4. Operating expenses,3.2.4.4. Other,1. Historical,0x307863303261616133396232323366653864306130653563346632376561643930383363373536636332,0.0,0,0,0,0,0.0,0,0,0,0,0,noHash:DailyMarkToMarket,437f9a31fd1e8d7f79c5cd6431b74e33e3a89e0832ca0ed21e747126ada1af51
2023-05-01 00:00:00.000,3. Surplus,3.2. Operating Performance,3.2.4. Operating expenses,3.2.4.4. Other,1. Historical,0x307863303261616133396232323366653864306130653563346632376561643930383363373536636332,0.0,0,0,0,0,0.0,0,0,0,0,0,noHash:DailyMarkToMarket,b03828db9d11b8b6857266a563a7863512442de65cab2892aa54a04bcb34aed2
2023-04-30 00:00:00.000,3. Surplus,3.3. LDO token transactions,3.3.1. LDO Contra Equity,3.3.1.3. Domain Incentives,1. Historical,0x307835613938666362656135313663663036383537323135373739666438313263613362656631623332,0.0,0,0,0,0,0.0,0,0,0,0,0,noHash:DailyMarkToMarket,24f243a43fc6259bb4c2809190e415b74f95b504d32e37aa01d7f66531e77b39
2023-05-01 00:00:00.000,3. Surplus,3.3. LDO token transactions,3.3.1. LDO Contra Equity,3.3.1.3. Domain Incentives,1. Historical,0x307835613938666362656135313663663036383537323135373739666438313263613362656631623332,0.0,0,0,0,0,0.0,0,0,0,0,0,noHash:DailyMarkToMarket,c4b00120e637a86f229950b199764ad656d62188a021584d00816149702d2c1a
2023-04-30 00:00:00.000,3. Surplus,3.2. Operating Performance,3.2.2. Cost of Revenue,3.2.2.3. Other costs of revenue (-),1. Historical,0x307861653761623936353230646533613138653565313131623565616162303935333132643766653834,0.0,0,0,0,0,0.0,0,0,0,0,0,noHash:DailyMarkToMarket,381460282f94e82c471761164095ac39488692cbfcc219793d6ebd60e44d5ecc
2023-04-30 00:00:00.000,3. Surplus,3.2. Operating Performance,3.2.2. Cost of Revenue,3.2.2.3. Other costs of revenue (-),1. Historical,0x307861653761623936353230646533613138653565313131623565616162303935333132643766653834,0.0,0,0,0,0,0.0,0,0,0,0,0,0x204ea0b169c6f7d2a36eae4ebc7839a255a29a4d99295c49be078bcf6ddf74fd,de0fda0520917aea1f14034092fffaf8b3aac67fb1409788323d49f538360e4a
2023-05-01 00:00:00.000,3. Surplus,3.2. Operating Performance,3.2.2. Cost of Revenue,3.2.2.3. Other costs of revenue (-),1. Historical,0x307861653761623936353230646533613138653565313131623565616162303935333132643766653834,0.0,0,0,0,0,0.0,0,0,0,0,0,noHash:DailyMarkToMarket,03adb344fb202bac10255f3272287b11ffdf59d3967ae703da83ea98a3fc9f2d
2023-04-30 00:00:00.000,3. Surplus,3.2. Operating Performance,3.2.3. Sales & Marketing Incentives,3.2.3.2. Deposit Referrals,1. Historical,0x307835613938666362656135313663663036383537323135373739666438313263613362656631623332,0.0,0,0,0,0,0.0,0,0,0,0,0,noHash:DailyMarkToMarket,05c9e4ad771e4a238cd1cce4324aa63ddd06b5d43dc8d1b2d879ced89a4f3460
2023-05-01 00:00:00.000,3. Surplus,3.2. Operating Performance,3.2.3. Sales & Marketing Incentives,3.2.3.2. Deposit Referrals,1. Historical,0x307835613938666362656135313663663036383537323135373739666438313263613362656631623332,0.0,0,0,0,0,0.0,0,0,0,0,0,noHash:DailyMarkToMarket,476aa3509178fd4c2507e2ec0167bd47b3dbeddb243df4a7a7ae1f264f1f9fae
2023-04-30 00:00:00.000,3. Surplus,3.2. Operating Performance,3.2.4. Operating expenses,3.2.4.3. TRP grants,1. Historical,0x307835613938666362656135313663663036383537323135373739666438313263613362656631623332,-6.68e+23,0,0,0,0,-6.68e+23,0,0,0,0,0,0x8538d896d330da070d077e9cabdf250a07006a765c648af6bf542f948d4c37f4,c1f5a6d3be86a1c225b49431b44252307c69099c7b8457c213dda9ccced027ad
2023-04-30 00:00:00.000,3. Surplus,3.2. Operating Performance,3.2.4. Operating expenses,3.2.4.3. TRP grants,1. Historical,0x307835613938666362656135313663663036383537323135373739666438313263613362656631623332,0.0,0,0,0,0,-6.68e+23,0,0,-6.68e+23,0,0,noHash:DailyMarkToMarket,5ed6b75a4d61826e49e051ab626b43eb39bb695d5c49aa98dc62309badf8e9bd
2023-05-01 00:00:00.000,3. Surplus,3.2. Operating Performance,3.2.4. Operating expenses,3.2.4.3. TRP grants,1. Historical,0x307835613938666362656135313663663036383537323135373739666438313263613362656631623332,0.0,0,0,0,0,-6.68e+23,0,0,-6.68e+23,0,0,noHash:DailyMarkToMarket,a2a9afd591fe2a35afc47047df436329c37712a451ba4a0fa488fe2ae43548fd
2023-04-30 00:00:00.000,3. Surplus,3.2. Operating Performance,3.2.4. Operating expenses,3.2.4.2. LEGO grants,1. Historical,0x307864616331376639353864326565353233613232303632303639393435393763313364383331656337,0.0,0,0,0,0,0.0,0,0,0,0,0,noHash:DailyMarkToMarket,4f81c70af8f01d6569252c5fec4b2c2e4cd31ffc6284e5e31517537dd1e879f3
2023-05-01 00:00:00.000,3. Surplus,3.2. Operating Performance,3.2.4. Operating expenses,3.2.4.2. LEGO grants,1. Historical,0x307864616331376639353864326565353233613232303632303639393435393763313364383331656337,0.0,0,0,0,0,0.0,0,0,0,0,0,noHash:DailyMarkToMarket,b56530c4f1aae7ff6a0556e34950ce33e6cfa7ef67928191180bd78e88c11150
2023-04-30 00:00:00.000,1. Assets,1.2. Slashing Provision,1.2.2. Slashing Provision Contra Assets,-,1. Historical,0x307863303261616133396232323366653864306130653563346632376561643930383363373536636332,0.0,0,0,0,0,0.0,0,0,0,0,0,noHash:DailyMarkToMarket,a298367524a69636345a601cf29a2efbc05a4b3b69996fba9c50fb086fb9eaf0
2023-05-01 00:00:00.000,1. Assets,1.2. Slashing Provision,1.2.2. Slashing Provision Contra Assets,-,1. Historical,0x307863303261616133396232323366653864306130653563346632376561643930383363373536636332,0.0,0,0,0,0,0.0,0,0,0,0,0,noHash:DailyMarkToMarket,52f4abccae8e670a5b263b6217f3ae86192cd161f6f168b80341bf4b85d4a781
2023-04-30 00:00:00.000,1. Assets,1.2. Slashing Provision,1.2.2. Slashing Provision Contra Assets,-,1. Historical,0x307861653761623936353230646533613138653565313131623565616162303935333132643766653834,0.0,0,0,0,0,0.0,0,0,0,0,0,noHash:DailyMarkToMarket,c899d90eca74710c7130356bb969dae1ef152e1d368867eb4524adba178e370b
2023-04-30 00:00:00.000,1. Assets,1.2. Slashing Provision,1.2.2. Slashing Provision Contra Assets,-,1. Historical,0x307861653761623936353230646533613138653565313131623565616162303935333132643766653834,0.0,0,0,0,0,0.0,0,0,0,0,0,0x204ea0b169c6f7d2a36eae4ebc7839a255a29a4d99295c49be078bcf6ddf74fd,0589ffbaeaa7284d26e43c00ebb42299995f9d851589da974c5edf46f930e08b
2023-05-01 00:00:00.000,1. Assets,1.2. Slashing Provision,1.2.2. Slashing Provision Contra Assets,-,1. Historical,0x307861653761623936353230646533613138653565313131623565616162303935333132643766653834,0.0,0,0,0,0,0.0,0,0,0,0,0,noHash:DailyMarkToMarket,c278f90c05258b9356412cb13cb2842d4e9988a3ea107fb658a4a6a8fbff65be
2023-04-30 00:00:00.000,1. Assets,1.3. Protocol Assets,1.3.1. Protocol Assets,1.3.1.1. stETH,1. Historical,0x307861653761623936353230646533613138653565313131623565616162303935333132643766653834,4.32403472522148e+19,0,4.32403472522148e+19,0,0,4.32403472522148e+19,0,0,0,0,0,0x204ea0b169c6f7d2a36eae4ebc7839a255a29a4d99295c49be078bcf6ddf74fd,a3a1d02070c78a5138f5f63d430eba18b86065a8b550f03290ce00e29a413f7c
2023-04-30 00:00:00.000,1. Assets,1.3. Protocol Assets,1.3.1. Protocol Assets,1.3.1.1. stETH,1. Historical,0x307861653761623936353230646533613138653565313131623565616162303935333132643766653834,0.0,0,0,0,0,4.32403472522148e+19,0,0,4.32403472522148e+19,0,0,noHash:DailyMarkToMarket,33808ac55a12716a558386fbf9c47f29bb025596653de6447db4f179ccf55c00
2023-05-01 00:00:00.000,1. Assets,1.3. Protocol Assets,1.3.1. Protocol Assets,1.3.1.1. stETH,1. Historical,0x307861653761623936353230646533613138653565313131623565616162303935333132643766653834,0.0,0,0,0,0,4.32403472522148e+19,0,0,4.32403472522148e+19,0,0,noHash:DailyMarkToMarket,727e8f0ba534b57c6b30e0109c000e9921d9faec3dca8b0a91e8c09f6d6c435b
2023-04-30 00:00:00.000,3. Surplus,3.2. Operating Performance,3.2.5. Other income,-,1. Historical,0x307837643161666137623731386662383933646233306133616263306366633630386161636665626230,2.968894852139641e+20,0,0,0,0,2.968894852139641e+20,0,0,0,0,0,0x8567a26215dc289d46b1afc444b926ffc20a6f7a2e9ba7ba76d9513462eb0114,3da698462c90d0c59c2efea5b6622b4a9bd6d284d5171c3ddee906cadf18518e
2023-04-30 00:00:00.000,3. Surplus,3.2. Operating Performance,3.2.5. Other income,-,1. Historical,0x307837643161666137623731386662383933646233306133616263306366633630386161636665626230,0.0,0,0,0,0,2.968894852139641e+20,0,0,2.968894852139641e+20,0,0,noHash:DailyMarkToMarket,5964398fa651745bfbd39d56522ea9c60dca5664de8bb61eb1c3750d99fd4523
2023-05-01 00:00:00.000,3. Surplus,3.2. Operating Performance,3.2.5. Other income,-,1. Historical,0x307837643161666137623731386662383933646233306133616263306366633630386161636665626230,0.0,0,0,0,0,2.968894852139641e+20,0,0,2.968894852139641e+20,0,0,noHash:DailyMarkToMarket,b5785f540332dda39358bd5fd92509d46dade903e4dc690e7ebe303b904f6a87
2023-04-30 00:00:00.000,3. Surplus,3.3. LDO token transactions,3.3.1. LDO Contra Equity,3.3.1.6. Other,1. Historical,0x307835613938666362656135313663663036383537323135373739666438313263613362656631623332,6.68e+23,0,0,0,0,6.68e+23,0,0,0,0,0,0x8538d896d330da070d077e9cabdf250a07006a765c648af6bf542f948d4c37f4,ed30d4c1f43b3fea76880f48a8af9536da6a1ac7b13e475a97d20261b6312142
2023-04-30 00:00:00.000,3. Surplus,3.3. LDO token transactions,3.3.1. LDO Contra Equity,3.3.1.6. Other,1. Historical,0x307835613938666362656135313663663036383537323135373739666438313263613362656631623332,0.0,0,0,0,0,6.68e+23,0,0,6.68e+23,0,0,noHash:DailyMarkToMarket,e278084ce910433fe4a149dbcbf41bb0b0b8adf671667bc3919f7533930b1bb8
2023-05-01 00:00:00.000,3. Surplus,3.3. LDO token transactions,3.3.1. LDO Contra Equity,3.3.1.6. Other,1. Historical,0x307835613938666362656135313663663036383537323135373739666438313263613362656631623332,0.0,0,0,0,0,6.68e+23,0,0,6.68e+23,0,0,noHash:DailyMarkToMarket,ffb2edd387b26cf55683dd8e18c3791c9d9d59c42b55d8c3a5d2ff3dd47fc473
2023-04-30 00:00:00.000,1. Assets,1.3. Protocol Assets,1.3.1. Protocol Assets,1.3.1.4. Other,1. Historical,0x307861306238363939316336323138623336633164313964346132653965623063653336303665623438,0.0,0,0,0,0,0.0,0,0,0,0,0,noHash:DailyMarkToMarket,f92dc6c34fdc621aa87bd3db0f2fbac785ebf79b145e684d8af7b783ab02d725
2023-05-01 00:00:00.000,1. Assets,1.3. Protocol Assets,1.3.1. Protocol Assets,1.3.1.4. Other,1. Historical,0x307861306238363939316336323138623336633164313964346132653965623063653336303665623438,0.0,0,0,0,0,0.0,0,0,0,0,0,noHash:DailyMarkToMarket,9083bd8dce45071637800047c78a494559a02305e0b9bd53868659ccf2fcada0
2023-04-30 00:00:00.000,3. Surplus,3.2. Operating Performance,3.2.5. Other income,-,1. Historical,0x3764486257586d63693364543855465957595a7765424c5867796375375933694c3674724b6e31593741526a,0.0,0,0,0,0,0.0,0,0,0,0,0,noHash:DailyMarkToMarket,b9eb8ba6a1b33e347aeb7ccbc73d486ce4fb172c610a93c0edaf209417ea84ac
2023-05-01 00:00:00.000,3. Surplus,3.2. Operating Performance,3.2.5. Other income,-,1. Historical,0x3764486257586d63693364543855465957595a7765424c5867796375375933694c3674724b6e31593741526a,0.0,0,0,0,0,0.0,0,0,0,0,0,noHash:DailyMarkToMarket,7c2766130f5c41b61a91f78fa86f1e2a13a6cfbe1bc54d575e2cbd345a643374
2023-04-30 00:00:00.000,1. Assets,1.3. Protocol Assets,1.3.1. Protocol Assets,1.3.1.4. Other,1. Historical,0x3764486257586d63693364543855465957595a7765424c5867796375375933694c3674724b6e31593741526a,0.0,0,0,0,0,0.0,0,0,0,0,0,noHash:DailyMarkToMarket,4686aa816c53de6551b27952546537be8d3c6816ba39378d90cf1bb8bb6cb3e1
2023-05-01 00:00:00.000,1. Assets,1.3. Protocol Assets,1.3.1. Protocol Assets,1.3.1.4. Other,1. Historical,0x3764486257586d63693364543855465957595a7765424c5867796375375933694c3674724b6e31593741526a,0.0,0,0,0,0,0.0,0,0,0,0,0,noHash:DailyMarkToMarket,28c0dee40565288f5f38e9bad45dbc7f5d70a82509b63f3d927d4c5e75d1d93b
2023-04-30 00:00:00.000,2. Liabilities,2.1. Staked Assets,2.1.1. stETH in Circulation,-,1. Historical,0x307861653761623936353230646533613138653565313131623565616162303935333132643766653834,3.84e+20,0,3.84e+20,0,0,5.408806945044296e+21,0,0,0,0,0,0xbe7dda99625b859f11e9ce808db87f563294de8cee3e43016e95ecbdf57af908,f4b212c6b2994fc43adecbb8adddd6b9cb197bde9191aac9c731fc1c449b9480
2023-04-30 00:00:00.000,2. Liabilities,2.1. Staked Assets,2.1.1. stETH in Circulation,-,1. Historical,0x307861653761623936353230646533613138653565313131623565616162303935333132643766653834,6.4e+20,0,6.4e+20,0,0,5.408806945044296e+21,0,0,5.408806945044296e+21,0,0,0xcd2eb593ceb0aa61ee607c235d3f52b24df59882530060d0f9ad5b4419825d6a,4b642e1d5e98b115eba48bdedb0e438871fac02eed5992fa447afe84a8fbf12c
2023-04-30 00:00:00.000,2. Liabilities,2.1. Staked Assets,2.1.1. stETH in Circulation,-,1. Historical,0x307861653761623936353230646533613138653565313131623565616162303935333132643766653834,4.48e+20,0,4.48e+20,0,0,5.408806945044296e+21,0,0,5.408806945044296e+21,0,0,0xae554d01aa0f13b2ef5aa5170e6013fbfae7ea9358659380a34c606177915e71,918ad90f84f4ad384aa481f230eec27f7fcdbaca4bbe0357052e07448030ea27
2023-04-30 00:00:00.000,2. Liabilities,2.1. Staked Assets,2.1.1. stETH in Circulation,-,1. Historical,0x307861653761623936353230646533613138653565313131623565616162303935333132643766653834,2.88e+20,0,2.88e+20,0,0,5.408806945044296e+21,0,0,5.408806945044296e+21,0,0,0x55fe8e3dbf02a6d027ec662772fcb99b30883d73e62de6fc682387029c57f4c4,e8b5b57ab2c76eae775798a83c096697b5842d97fcd913823f8117ffcf96b8a3
2023-04-30 00:00:00.000,2. Liabilities,2.1. Staked Assets,2.1.1. stETH in Circulation,-,1. Historical,0x307861653761623936353230646533613138653565313131623565616162303935333132643766653834,3.52e+20,0,3.52e+20,0,0,5.408806945044296e+21,0,0,5.408806945044296e+21,0,0,0x9a4fd8a96ca44b8de3c29cdc353f58b076eae3c46754666a82ad3c9ce57f8960,b674df989e1b961b152b6f138e9a84f505986c603b3cd84ca7e1b7748bb35ff4
2023-04-30 00:00:00.000,2. Liabilities,2.1. Staked Assets,2.1.1. stETH in Circulation,-,1. Historical,0x307861653761623936353230646533613138653565313131623565616162303935333132643766653834,8.648069450442956e+20,0,8.648069450442956e+20,0,0,5.408806945044296e+21,0,0,5.408806945044296e+21,0,0,0x204ea0b169c6f7d2a36eae4ebc7839a255a29a4d99295c49be078bcf6ddf74fd,66c734e5ac80581d53f7b57940c2b6d633fe953da3745887313010062a83d226
2023-04-30 00:00:00.000,2. Liabilities,2.1. Staked Assets,2.1.1. stETH in Circulation,-,1. Historical,0x307861653761623936353230646533613138653565313131623565616162303935333132643766653834,8.32e+20,0,8.32e+20,0,0,5.408806945044296e+21,0,0,5.408806945044296e+21,0,0,0x438c9d2b09ffafb61436dd5f61f32fceac3c8b782eed21e62b2b7111702e17e4,12fe2eb0a7b419622d23bb4337809585a655ef112a471bd943770309622cf41f
2023-04-30 00:00:00.000,2. Liabilities,2.1. Staked Assets,2.1.1. stETH in Circulation,-,1. Historical,0x307861653761623936353230646533613138653565313131623565616162303935333132643766653834,7.36e+20,0,7.36e+20,0,0,5.408806945044296e+21,0,0,5.408806945044296e+21,0,0,0x96f5b43142c5c9aec860d6984dc11d8784d907c98b17501e26ec24230d8845e2,0a7b4ea143fcda5453ec816c8d1dc9e3e877f37770525aed991b1e2a0f486b8f
2023-04-30 00:00:00.000,2. Liabilities,2.1. Staked Assets,2.1.1. stETH in Circulation,-,1. Historical,0x307861653761623936353230646533613138653565313131623565616162303935333132643766653834,0.0,0,0,0,0,5.408806945044296e+21,0,0,5.408806945044296e+21,0,0,noHash:DailyMarkToMarket,1eaa6f7bb33ff18eb04563dd125801ada54f127cef280c16304c6581d8774fea
2023-04-30 00:00:00.000,2. Liabilities,2.1. Staked Assets,2.1.1. stETH in Circulation,-,1. Historical,0x307861653761623936353230646533613138653565313131623565616162303935333132643766653834,8.64e+20,0,8.64e+20,0,0,5.408806945044296e+21,0,0,5.408806945044296e+21,0,0,0x1d13930b46e9bab511c8e0cfdb5ba514133537a631d958d86d4a3784c18e07bd,b4e4f59e3b2fc4779385bf81a288001c2c368745b1c6139fe8a5b9a03c3502c6
2023-05-01 00:00:00.000,2. Liabilities,2.1. Staked Assets,2.1.1. stETH in Circulation,-,1. Historical,0x307861653761623936353230646533613138653565313131623565616162303935333132643766653834,0.0,0,0,0,0,5.408806945044296e+21,0,0,5.408806945044296e+21,0,0,noHash:DailyMarkToMarket,7bf47db5883b264ce93def99d73d4c6ec5c6b5c9f4dcd22a0eaccc3cedea1d73
2023-04-30 00:00:00.000,3. Surplus,3.2. Operating Performance,3.2.5. Other income,-,1. Historical,0x307836623137353437346538393039346334346461393862393534656564656163343935323731643066,0.0,0,0,0,0,0.0,0,0,0,0,0,noHash:DailyMarkToMarket,de59835c646a068eaf453560b43f3848b1dc8645bebd17b47736324a32092c5f
2023-05-01 00:00:00.000,3. Surplus,3.2. Operating Performance,3.2.5. Other income,-,1. Historical,0x307836623137353437346538393039346334346461393862393534656564656163343935323731643066,0.0,0,0,0,0,0.0,0,0,0,0,0,noHash:DailyMarkToMarket,127f724f64e4936847b3f11a1ff5907fe583bc6b067b276e6e3b1ef58f90793f
2023-04-30 00:00:00.000,3. Surplus,3.3. LDO token transactions,3.3.1. LDO Contra Equity,3.3.1.5. LEGO,1. Historical,0x307835613938666362656135313663663036383537323135373739666438313263613362656631623332,0.0,0,0,0,0,0.0,0,0,0,0,0,noHash:DailyMarkToMarket,7e37892b8f4adc679fc906d9f8ad6c44487463af6487806dbd4970f1e8ef82e8
2023-05-01 00:00:00.000,3. Surplus,3.3. LDO token transactions,3.3.1. LDO Contra Equity,3.3.1.5. LEGO,1. Historical,0x307835613938666362656135313663663036383537323135373739666438313263613362656631623332,0.0,0,0,0,0,0.0,0,0,0,0,0,noHash:DailyMarkToMarket,76cbd423e9cde2eaebf4d2929b0241fa18394fe9d9f222098a7efc8c25a91fe5
2023-04-30 00:00:00.000,1. Assets,1.1. Staked Assets,1.1.1. Staked ETH,-,1. Historical,0x307863303261616133396232323366653864306130653563346632376561643930383363373536636332,6.4e+20,0,0,0,0,4.544e+21,0,0,0,0,0,0xcd2eb593ceb0aa61ee607c235d3f52b24df59882530060d0f9ad5b4419825d6a,ecae153b89f08047e372dda3bd9e667b4f1e426a722ddc4855a8f152502902f3
2023-04-30 00:00:00.000,1. Assets,1.1. Staked Assets,1.1.1. Staked ETH,-,1. Historical,0x307863303261616133396232323366653864306130653563346632376561643930383363373536636332,4.48e+20,0,0,0,0,4.544e+21,0,0,4.544e+21,0,0,0xae554d01aa0f13b2ef5aa5170e6013fbfae7ea9358659380a34c606177915e71,73f7b2ad264f79b3f60b0d206afd68664fadf912039325555b57e633c65f8d71
2023-04-30 00:00:00.000,1. Assets,1.1. Staked Assets,1.1.1. Staked ETH,-,1. Historical,0x307863303261616133396232323366653864306130653563346632376561643930383363373536636332,2.88e+20,0,0,0,0,4.544e+21,0,0,4.544e+21,0,0,0x55fe8e3dbf02a6d027ec662772fcb99b30883d73e62de6fc682387029c57f4c4,9243954f847678b93de5f6ecbdc404938bc40e8a77c0d0d056a36adbe6954bce
2023-04-30 00:00:00.000,1. Assets,1.1. Staked Assets,1.1.1. Staked ETH,-,1. Historical,0x307863303261616133396232323366653864306130653563346632376561643930383363373536636332,3.52e+20,0,0,0,0,4.544e+21,0,0,4.544e+21,0,0,0x9a4fd8a96ca44b8de3c29cdc353f58b076eae3c46754666a82ad3c9ce57f8960,b4cecfd73a8f1ad71385b0dab1e81aeed60d508b1a764bd329bc64024c1fb306
2023-04-30 00:00:00.000,1. Assets,1.1. Staked Assets,1.1.1. Staked ETH,-,1. Historical,0x307863303261616133396232323366653864306130653563346632376561643930383363373536636332,0.0,0,0,0,0,4.544e+21,0,0,4.544e+21,0,0,noHash:DailyMarkToMarket,540d388ba5ca3657163e8ea0ddaf2843690c4871e90363abe512e85482599eb9
2023-04-30 00:00:00.000,1. Assets,1.1. Staked Assets,1.1.1. Staked ETH,-,1. Historical,0x307863303261616133396232323366653864306130653563346632376561643930383363373536636332,8.32e+20,0,0,0,0,4.544e+21,0,0,4.544e+21,0,0,0x438c9d2b09ffafb61436dd5f61f32fceac3c8b782eed21e62b2b7111702e17e4,98c0d6b4d3af9bde9b48a549559c10faf3d10e4e6835bfc89e662b5876636d94
2023-04-30 00:00:00.000,1. Assets,1.1. Staked Assets,1.1.1. Staked ETH,-,1. Historical,0x307863303261616133396232323366653864306130653563346632376561643930383363373536636332,7.36e+20,0,0,0,0,4.544e+21,0,0,4.544e+21,0,0,0x96f5b43142c5c9aec860d6984dc11d8784d907c98b17501e26ec24230d8845e2,3673c9471454540c2caf830988a776a349ac5ef4e36f798506234adcd49ae413
2023-04-30 00:00:00.000,1. Assets,1.1. Staked Assets,1.1.1. Staked ETH,-,1. Historical,0x307863303261616133396232323366653864306130653563346632376561643930383363373536636332,8.64e+20,0,0,0,0,4.544e+21,0,0,4.544e+21,0,0,0x1d13930b46e9bab511c8e0cfdb5ba514133537a631d958d86d4a3784c18e07bd,5312f5a357091f84f2b92eca9e2270deaa03918dd968173f8b293e106e207ead
2023-04-30 00:00:00.000,1. Assets,1.1. Staked Assets,1.1.1. Staked ETH,-,1. Historical,0x307863303261616133396232323366653864306130653563346632376561643930383363373536636332,3.84e+20,0,0,0,0,4.544e+21,0,0,4.544e+21,0,0,0xbe7dda99625b859f11e9ce808db87f563294de8cee3e43016e95ecbdf57af908,1b5ec0ff3109dae674e3720c039604aede0221c28ead3c2d5fcd30339b4e6f7d
2023-05-01 00:00:00.000,1. Assets,1.1. Staked Assets,1.1.1. Staked ETH,-,1. Historical,0x307863303261616133396232323366653864306130653563346632376561643930383363373536636332,0.0,0,0,0,0,4.544e+21,0,0,4.544e+21,0,0,noHash:DailyMarkToMarket,c6fbcc4803d017980468062595c99350555629ef4b35a997a9954b5bdbf7e691
2023-04-30 00:00:00.000,1. Assets,1.3. Protocol Assets,1.3.1. Protocol Assets,1.3.1.4. Other,1. Historical,0x307864616331376639353864326565353233613232303632303639393435393763313364383331656337,0.0,0,0,0,0,0.0,0,0,0,0,0,noHash:DailyMarkToMarket,39b96560439c76de7d973dca66a0a9a8d762b69e746272568f96b971f7a3ec49
2023-05-01 00:00:00.000,1. Assets,1.3. Protocol Assets,1.3.1. Protocol Assets,1.3.1.4. Other,1. Historical,0x307864616331376639353864326565353233613232303632303639393435393763313364383331656337,0.0,0,0,0,0,0.0,0,0,0,0,0,noHash:DailyMarkToMarket,379b4126aad845a40b4bf5da91d6c9f59507ac598a319ed5859528b8c23ea1b5
2023-04-30 00:00:00.000,1. Assets,1.1. Staked Assets,1.1.1. Staked ETH,-,1. Historical,0x307861653761623936353230646533613138653565313131623565616162303935333132643766653834,0.0,0,0,0,0,8.648069450442956e+20,0,0,0,0,0,noHash:DailyMarkToMarket,fecc0fdefc1c2d27827db5ab5767aaaeb14230342c5a618b5ed9a7228d1dadf0
2023-04-30 00:00:00.000,1. Assets,1.1. Staked Assets,1.1.1. Staked ETH,-,1. Historical,0x307861653761623936353230646533613138653565313131623565616162303935333132643766653834,8.648069450442956e+20,0,8.648069450442956e+20,0,0,8.648069450442956e+20,0,0,8.648069450442956e+20,0,0,0x204ea0b169c6f7d2a36eae4ebc7839a255a29a4d99295c49be078bcf6ddf74fd,268652230494d67357270fb0c769cbee962b70bdbf8fe38e6ece49a0adad97bd
2023-05-01 00:00:00.000,1. Assets,1.1. Staked Assets,1.1.1. Staked ETH,-,1. Historical,0x307861653761623936353230646533613138653565313131623565616162303935333132643766653834,0.0,0,0,0,0,8.648069450442956e+20,0,0,8.648069450442956e+20,0,0,noHash:DailyMarkToMarket,fdbf35414f65609731bb573da42dd80ec820e90c78e4486014b2ad7dde8ba4ce
2023-04-30 00:00:00.000,1. Assets,1.2. Slashing Provision,1.2.1. Slashing Provision,-,1. Historical,0x307861653761623936353230646533613138653565313131623565616162303935333132643766653834,0.0,0,0,0,0,0.0,0,0,0,0,0,noHash:DailyMarkToMarket,fb1abe157d509b7296dc78e1ed4ff65be573986e4fa28dfd93834d53fe9b6e69
2023-04-30 00:00:00.000,1. Assets,1.2. Slashing Provision,1.2.1. Slashing Provision,-,1. Historical,0x307861653761623936353230646533613138653565313131623565616162303935333132643766653834,0.0,0,0,0,0,0.0,0,0,0,0,0,0x204ea0b169c6f7d2a36eae4ebc7839a255a29a4d99295c49be078bcf6ddf74fd,b14e7f7a62e5433a647fc94f77f613014cd0f9a1ae4c9461e828f37d1291efb0
2023-05-01 00:00:00.000,1. Assets,1.2. Slashing Provision,1.2.1. Slashing Provision,-,1. Historical,0x307861653761623936353230646533613138653565313131623565616162303935333132643766653834,0.0,0,0,0,0,0.0,0,0,0,0,0,noHash:DailyMarkToMarket,9b30309ad0feeba084a73e988ff23abc0adecbd866006f5cb203270ebe9585a0
2023-04-30 00:00:00.000,3. Surplus,3.2. Operating Performance,3.2.3. Sales & Marketing Incentives,3.2.3.2. Deposit Referrals,1. Historical,0x307836623137353437346538393039346334346461393862393534656564656163343935323731643066,0.0,0,0,0,0,0.0,0,0,0,0,0,noHash:DailyMarkToMarket,f1a22615877b8565587250ad4819e3e11bbe466029821840c5c15c73e00154d6
2023-05-01 00:00:00.000,3. Surplus,3.2. Operating Performance,3.2.3. Sales & Marketing Incentives,3.2.3.2. Deposit Referrals,1. Historical,0x307836623137353437346538393039346334346461393862393534656564656163343935323731643066,0.0,0,0,0,0,0.0,0,0,0,0,0,noHash:DailyMarkToMarket,479f59a9a9b57cb460de59bf136c53648600b26f4a33ed94a1fc77d2bacfbd39
2023-04-30 00:00:00.000,3. Surplus,3.2. Operating Performance,3.2.4. Operating expenses,3.2.4.1. Operating expenses,1. Historical,0x307863303261616133396232323366653864306130653563346632376561643930383363373536636332,0.0,0,0,0,0,0.0,0,0,0,0,0,noHash:DailyMarkToMarket,1b41adeb5e548af43c998c42edf49985e58c727405099b06bedb5d0812ff70c0
2023-05-01 00:00:00.000,3. Surplus,3.2. Operating Performance,3.2.4. Operating expenses,3.2.4.1. Operating expenses,1. Historical,0x307863303261616133396232323366653864306130653563346632376561643930383363373536636332,0.0,0,0,0,0,0.0,0,0,0,0,0,noHash:DailyMarkToMarket,e7f11829780c6cbda0f74c7af8be688200ac60a8ec791b0f24b40a09c4bcc73e
2023-04-30 00:00:00.000,1. Assets,1.2. Slashing Provision,1.2.1. Slashing Provision,-,1. Historical,0x307863303261616133396232323366653864306130653563346632376561643930383363373536636332,0.0,0,0,0,0,0.0,0,0,0,0,0,noHash:DailyMarkToMarket,33f65fda91d21780e5035b9b0c6b1352d96e02712dc2fbe3f4566d502f0332b2
2023-05-01 00:00:00.000,1. Assets,1.2. Slashing Provision,1.2.1. Slashing Provision,-,1. Historical,0x307863303261616133396232323366653864306130653563346632376561643930383363373536636332,0.0,0,0,0,0,0.0,0,0,0,0,0,noHash:DailyMarkToMarket,c72ba32e29e9e3cde47d007406aa9648d9b4cdc74368d2e40145a4b1f24df438
2023-04-30 00:00:00.000,1. Assets,1.3. Protocol Assets,1.3.1. Protocol Assets,1.3.1.4. Other,1. Historical,0x307837643161666137623731386662383933646233306133616263306366633630386161636665626230,0.0,0,0,0,0,2.968894852139641e+20,0,0,0,0,0,noHash:DailyMarkToMarket,c85486cdb82eb8a818ffb2daf30f20e6ec92b28a3419b65b0e5f637f3f6db8d0
2023-04-30 00:00:00.000,1. Assets,1.3. Protocol Assets,1.3.1. Protocol Assets,1.3.1.4. Other,1. Historical,0x307837643161666137623731386662383933646233306133616263306366633630386161636665626230,2.968894852139641e+20,0,0,0,0,2.968894852139641e+20,0,0,2.968894852139641e+20,0,0,0x8567a26215dc289d46b1afc444b926ffc20a6f7a2e9ba7ba76d9513462eb0114,5a3c0bb2f0186d8ce1e34e64500b5f123d743c9a99aaf836489bbbcd7ac2fad7
2023-05-01 00:00:00.000,1. Assets,1.3. Protocol Assets,1.3.1. Protocol Assets,1.3.1.4. Other,1. Historical,0x307837643161666137623731386662383933646233306133616263306366633630386161636665626230,0.0,0,0,0,0,2.968894852139641e+20,0,0,2.968894852139641e+20,0,0,noHash:DailyMarkToMarket,31914ba431b7788f0748832da5cfc94ee44e5fdb026a8ce19bea7e609e5bacbb
2023-04-30 00:00:00.000,3. Surplus,3.2. Operating Performance,3.2.3. Sales & Marketing Incentives,3.2.3.1. Liquidity Rewards,1. Historical,0x307835613938666362656135313663663036383537323135373739666438313263613362656631623332,0.0,0,0,0,0,0.0,0,0,0,0,0,noHash:DailyMarkToMarket,1b72acac25525273ae2533e657b56974d4dff0bd247abd0476e43acc5e6c0f18
2023-05-01 00:00:00.000,3. Surplus,3.2. Operating Performance,3.2.3. Sales & Marketing Incentives,3.2.3.1. Liquidity Rewards,1. Historical,0x307835613938666362656135313663663036383537323135373739666438313263613362656631623332,0.0,0,0,0,0,0.0,0,0,0,0,0,noHash:DailyMarkToMarket,bc4ae38fc3e6fa9d67434449adc498940065a271c222234d90181bf1c41cb79b
2023-04-30 00:00:00.000,3. Surplus,3.3. LDO token transactions,3.3.1. LDO Contra Equity,3.3.1.1. Liquidity Rewards,1. Historical,0x307835613938666362656135313663663036383537323135373739666438313263613362656631623332,0.0,0,0,0,0,0.0,0,0,0,0,0,noHash:DailyMarkToMarket,12f0c608bce27d93025d0917101a80b69d491ac4f959df7dee2d5a2fda633aa1
2023-05-01 00:00:00.000,3. Surplus,3.3. LDO token transactions,3.3.1. LDO Contra Equity,3.3.1.1. Liquidity Rewards,1. Historical,0x307835613938666362656135313663663036383537323135373739666438313263613362656631623332,0.0,0,0,0,0,0.0,0,0,0,0,0,noHash:DailyMarkToMarket,c2974dcf918f6c37c2218a278b75ab0e490d462ab64c8d0e1bc1e5b7ef42e916
2023-04-30 00:00:00.000,3. Surplus,3.4. Currency translation,3.4.1. Currency translation effects,3.4.1.1. Changes in assets,2. M2M,0x307863303261616133396232323366653864306130653563346632376561643930383363373536636332,0.0,0,0,0,0,0.0,0,0,0,0,0,noHash:DailyMarkToMarket,7f7d9c88f60eb379885e099fde3f7b24a7c90c7a00d90895ef06d3eb04557d9a
2023-05-01 00:00:00.000,3. Surplus,3.4. Currency translation,3.4.1. Currency translation effects,3.4.1.1. Changes in assets,2. M2M,0x307863303261616133396232323366653864306130653563346632376561643930383363373536636332,0.0,0,0,0,0,0.0,0,0,0,0,0,noHash:DailyMarkToMarket,4a6308cead37f3b045ac9aaac58090c8ebabd2f26d43fbc74b2754dc24d12fc4
2023-04-30 00:00:00.000,3. Surplus,3.4. Currency translation,3.4.1. Currency translation effects,3.4.1.1. Changes in assets,2. M2M,0x307861306238363939316336323138623336633164313964346132653965623063653336303665623438,0.0,0,0,0,0,0.0,0,0,0,0,0,noHash:DailyMarkToMarket,a44bd488c03200ecc68d658b7687d4069ad5ea10e5a77624b5420b7aa55d3f7e
2023-05-01 00:00:00.000,3. Surplus,3.4. Currency translation,3.4.1. Currency translation effects,3.4.1.1. Changes in assets,2. M2M,0x307861306238363939316336323138623336633164313964346132653965623063653336303665623438,0.0,0,0,0,0,0.0,0,0,0,0,0,noHash:DailyMarkToMarket,cf4216b8dd658708875e055118a32f742cb76b5b18f142f37031e21d843f9d50
2023-04-30 00:00:00.000,3. Surplus,3.4. Currency translation,3.4.1. Currency translation effects,3.4.1.1. Changes in assets,2. M2M,0x307861653761623936353230646533613138653565313131623565616162303935333132643766653834,0.0,0,0,0,0,8.648069450442956e+20,0,0,0,0,0,noHash:DailyMarkToMarket,0e22b995723f6193276b8aa52201a7f27d96e02be3a1065d78e82fb333ca1c42
2023-04-30 00:00:00.000,3. Surplus,3.4. Currency translation,3.4.1. Currency translation effects,3.4.1.1. Changes in assets,2. M2M,0x307861653761623936353230646533613138653565313131623565616162303935333132643766653834,0.0,0,0,0,0,8.648069450442956e+20,0,0,8.648069450442956e+20,0,0,0x204ea0b169c6f7d2a36eae4ebc7839a255a29a4d99295c49be078bcf6ddf74fd,46586ed91983d2d1b9d3ecbfde8aef22100f9bc846aa25efcac66647a924af27
2023-05-01 00:00:00.000,3. Surplus,3.4. Currency translation,3.4.1. Currency translation effects,3.4.1.1. Changes in assets,2. M2M,0x307861653761623936353230646533613138653565313131623565616162303935333132643766653834,0.0,0,0,0,0,8.648069450442956e+20,0,0,8.648069450442956e+20,0,0,noHash:DailyMarkToMarket,41eea89d372a4d5dc45ec274c661969270e62b769049cc6dd7b4b7a940127e2c
2023-04-30 00:00:00.000,3. Surplus,3.4. Currency translation,3.4.1. Currency translation effects,3.4.1.1. Changes in assets,2. M2M,0x307861653761623936353230646533613138653565313131623565616162303935333132643766653834,0.0,0,0,0,0,0.0,0,0,0,0,0,noHash:DailyMarkToMarket,cf2c6018e8f6b41eec407877a2c7845d5f0671af80a65d265fdd24105aef92d9
2023-04-30 00:00:00.000,3. Surplus,3.4. Currency translation,3.4.1. Currency translation effects,3.4.1.1. Changes in assets,2. M2M,0x307861653761623936353230646533613138653565313131623565616162303935333132643766653834,0.0,0,0,0,0,0.0,0,0,0,0,0,0x204ea0b169c6f7d2a36eae4ebc7839a255a29a4d99295c49be078bcf6ddf74fd,917d26d34fb87c340a339a63e8f250127bdabe1220a4839f60f14ebef9cba8a9
2023-05-01 00:00:00.000,3. Surplus,3.4. Currency translation,3.4.1. Currency translation effects,3.4.1.1. Changes in assets,2. M2M,0x307861653761623936353230646533613138653565313131623565616162303935333132643766653834,0.0,0,0,0,0,0.0,0,0,0,0,0,noHash:DailyMarkToMarket,2440fc9ae9080fd371f2464d3313914959eabfdc66045ae8d3de4e2383719001
2023-04-30 00:00:00.000,3. Surplus,3.4. Currency translation,3.4.1. Currency translation effects,3.4.1.1. Changes in assets,2. M2M,0x307861653761623936353230646533613138653565313131623565616162303935333132643766653834,0.0,0,0,0,0,4.32403472522148e+19,0,0,0,0,0,noHash:DailyMarkToMarket,8702f6242e7a398760b7a77a0ac7844786b09caa0b48f0a34518b5fec762065b
2023-04-30 00:00:00.000,3. Surplus,3.4. Currency translation,3.4.1. Currency translation effects,3.4.1.1. Changes in assets,2. M2M,0x307861653761623936353230646533613138653565313131623565616162303935333132643766653834,0.0,0,0,0,0,4.32403472522148e+19,0,0,4.32403472522148e+19,0,0,0x204ea0b169c6f7d2a36eae4ebc7839a255a29a4d99295c49be078bcf6ddf74fd,5f8451482787f51f39cf7bb5000515c7720ea568bda260fd0e1511c3d859a8a1
2023-05-01 00:00:00.000,3. Surplus,3.4. Currency translation,3.4.1. Currency translation effects,3.4.1.1. Changes in assets,2. M2M,0x307861653761623936353230646533613138653565313131623565616162303935333132643766653834,0.0,0,0,0,0,4.32403472522148e+19,0,0,4.32403472522148e+19,0,0,noHash:DailyMarkToMarket,f6a3b05ba4c129956be5eabd94be976c873a575a884006f9808fda708b13c692
2023-04-30 00:00:00.000,3. Surplus,3.4. Currency translation,3.4.1. Currency translation effects,3.4.1.1. Changes in assets,2. M2M,0x307837643161666137623731386662383933646233306133616263306366633630386161636665626230,0.0,0,0,0,0,2.968894852139641e+20,0,0,0,0,0,noHash:DailyMarkToMarket,249467c9a389978c9a8b3bc731ae95dc1689c4f70e9a1ccb3e20f8aafaea7dad
2023-04-30 00:00:00.000,3. Surplus,3.4. Currency translation,3.4.1. Currency translation effects,3.4.1.1. Changes in assets,2. M2M,0x307837643161666137623731386662383933646233306133616263306366633630386161636665626230,0.0,0,0,0,0,2.968894852139641e+20,0,0,2.968894852139641e+20,0,0,0x8567a26215dc289d46b1afc444b926ffc20a6f7a2e9ba7ba76d9513462eb0114,a687f94c5bcb69501978cf442e92bf9d7a5bf5f3b8d24f34ea56c95c2f62ad99
2023-05-01 00:00:00.000,3. Surplus,3.4. Currency translation,3.4.1. Currency translation effects,3.4.1.1. Changes in assets,2. M2M,0x307837643161666137623731386662383933646233306133616263306366633630386161636665626230,0.0,0,0,0,0,2.968894852139641e+20,0,0,2.968894852139641e+20,0,0,noHash:DailyMarkToMarket,61b6c4709317049d4867fd5e2fd950504399ff6994b3991393de13cb2cf188f5
2023-04-30 00:00:00.000,3. Surplus,3.4. Currency translation,3.4.1. Currency translation effects,3.4.1.1. Changes in assets,2. M2M,0x307836623137353437346538393039346334346461393862393534656564656163343935323731643066,0.0,0,0,0,0,0.0,0,0,0,0,0,noHash:DailyMarkToMarket,14116e2f8a1a7d529722b5c3e46fc5367b7b615d3c4b6d742abaf1dc64f10858
2023-05-01 00:00:00.000,3. Surplus,3.4. Currency translation,3.4.1. Currency translation effects,3.4.1.1. Changes in assets,2. M2M,0x307836623137353437346538393039346334346461393862393534656564656163343935323731643066,0.0,0,0,0,0,0.0,0,0,0,0,0,noHash:DailyMarkToMarket,f6d0540d539e77b60c474a1106ece828a1114bd437b5e2f2f4bdd8749a07d3f9
2023-04-30 00:00:00.000,3. Surplus,3.4. Currency translation,3.4.1. Currency translation effects,3.4.1.1. Changes in assets,2. M2M,0x307863303261616133396232323366653864306130653563346632376561643930383363373536636332,0.0,0,0,0,0,4.544e+21,0,0,0,0,0,0xbe7dda99625b859f11e9ce808db87f563294de8cee3e43016e95ecbdf57af908,ad9c3fe584f59ea9611f54421a12b91d2b00e6ddc338c66663439e73b68f2196
2023-04-30 00:00:00.000,3. Surplus,3.4. Currency translation,3.4.1. Currency translation effects,3.4.1.1. Changes in assets,2. M2M,0x307863303261616133396232323366653864306130653563346632376561643930383363373536636332,0.0,0,0,0,0,4.544e+21,0,0,4.544e+21,0,0,0xae554d01aa0f13b2ef5aa5170e6013fbfae7ea9358659380a34c606177915e71,af8cc9b6b26cd02456ec8894580808d977a0ee74dd7087927e323393824df9e4
2023-04-30 00:00:00.000,3. Surplus,3.4. Currency translation,3.4.1. Currency translation effects,3.4.1.1. Changes in assets,2. M2M,0x307863303261616133396232323366653864306130653563346632376561643930383363373536636332,0.0,0,0,0,0,4.544e+21,0,0,4.544e+21,0,0,0x55fe8e3dbf02a6d027ec662772fcb99b30883d73e62de6fc682387029c57f4c4,051a2c23b8be28ecf39fb4654f0e4ce54147e91a3d9f681bbb72bb56ab4ec044
2023-04-30 00:00:00.000,3. Surplus,3.4. Currency translation,3.4.1. Currency translation effects,3.4.1.1. Changes in assets,2. M2M,0x307863303261616133396232323366653864306130653563346632376561643930383363373536636332,0.0,0,0,0,0,4.544e+21,0,0,4.544e+21,0,0,0x9a4fd8a96ca44b8de3c29cdc353f58b076eae3c46754666a82ad3c9ce57f8960,1a644f05f6274737e7bf6b7bc051cdff5b3fa3a6fdbd807d2c9599771f310b52
2023-04-30 00:00:00.000,3. Surplus,3.4. Currency translation,3.4.1. Currency translation effects,3.4.1.1. Changes in assets,2. M2M,0x307863303261616133396232323366653864306130653563346632376561643930383363373536636332,0.0,0,0,0,0,4.544e+21,0,0,4.544e+21,0,0,noHash:DailyMarkToMarket,1d9d998013f087fde10481c4b6e983b2ca0b4c7212de5eb20fc18f5998e16207
2023-04-30 00:00:00.000,3. Surplus,3.4. Currency translation,3.4.1. Currency translation effects,3.4.1.1. Changes in assets,2. M2M,0x307863303261616133396232323366653864306130653563346632376561643930383363373536636332,0.0,0,0,0,0,4.544e+21,0,0,4.544e+21,0,0,0x438c9d2b09ffafb61436dd5f61f32fceac3c8b782eed21e62b2b7111702e17e4,f23c4e5bcc782f561b28e0e2560a14b3cd7cf363661aa34d6273d25e03bc826d
2023-04-30 00:00:00.000,3. Surplus,3.4. Currency translation,3.4.1. Currency translation effects,3.4.1.1. Changes in assets,2. M2M,0x307863303261616133396232323366653864306130653563346632376561643930383363373536636332,0.0,0,0,0,0,4.544e+21,0,0,4.544e+21,0,0,0x1d13930b46e9bab511c8e0cfdb5ba514133537a631d958d86d4a3784c18e07bd,b21dffab2a905fcfbc2f1bf8bd3ef13d571c815f11ef9e273ca92e4ea2935ee2
2023-04-30 00:00:00.000,3. Surplus,3.4. Currency translation,3.4.1. Currency translation effects,3.4.1.1. Changes in assets,2. M2M,0x307863303261616133396232323366653864306130653563346632376561643930383363373536636332,0.0,0,0,0,0,4.544e+21,0,0,4.544e+21,0,0,0x96f5b43142c5c9aec860d6984dc11d8784d907c98b17501e26ec24230d8845e2,ba475c3ac8261f5b637b5e7e961709f9f035a85e48c3ae658f724490295337da
2023-04-30 00:00:00.000,3. Surplus,3.4. Currency translation,3.4.1. Currency translation effects,3.4.1.1. Changes in assets,2. M2M,0x307863303261616133396232323366653864306130653563346632376561643930383363373536636332,0.0,0,0,0,0,4.544e+21,0,0,4.544e+21,0,0,0xcd2eb593ceb0aa61ee607c235d3f52b24df59882530060d0f9ad5b4419825d6a,dd276f125d97afe5cc36fa64ed3b0aefa31be521f52f8e4d431efeeb5facdaaf
2023-05-01 00:00:00.000,3. Surplus,3.4. Currency translation,3.4.1. Currency translation effects,3.4.1.1. Changes in assets,2. M2M,0x307863303261616133396232323366653864306130653563346632376561643930383363373536636332,0.0,0,0,0,0,4.544e+21,0,0,4.544e+21,0,0,noHash:DailyMarkToMarket,6cbb660ec3e5740d907993b2e017e4c72af11f6ca72a05f90b7a7e74364e7e28
2023-04-30 00:00:00.000,3. Surplus,3.4. Currency translation,3.4.1. Currency translation effects,3.4.1.1. Changes in assets,2. M2M,0x307864616331376639353864326565353233613232303632303639393435393763313364383331656337,0.0,0,0,0,0,0.0,0,0,0,0,0,noHash:DailyMarkToMarket,7460d2e07a97cea564e656e23da8d58900e254aeafd92f2b7032f037147abd57
2023-05-01 00:00:00.000,3. Surplus,3.4. Currency translation,3.4.1. Currency translation effects,3.4.1.1. Changes in assets,2. M2M,0x307864616331376639353864326565353233613232303632303639393435393763313364383331656337,0.0,0,0,0,0,0.0,0,0,0,0,0,noHash:DailyMarkToMarket,b695db31a66472f3f2a19934efafb2eb39e768d4121179f8a7dce0916414023b
2023-04-30 00:00:00.000,3. Surplus,3.4. Currency translation,3.4.1. Currency translation effects,3.4.1.1. Changes in assets,2. M2M,0x307863303261616133396232323366653864306130653563346632376561643930383363373536636332,0.0,0,0,0,0,0.0,0,0,0,0,0,0x8538d896d330da070d077e9cabdf250a07006a765c648af6bf542f948d4c37f4,865fe0caf85fd5c4fae908271cbecb65fee957fbea04733c9ed18bc026cd963e
2023-04-30 00:00:00.000,3. Surplus,3.4. Currency translation,3.4.1. Currency translation effects,3.4.1.1. Changes in assets,2. M2M,0x307863303261616133396232323366653864306130653563346632376561643930383363373536636332,0.0,0,0,0,0,0.0,0,0,0,0,0,0xad430edf3531413b9c6ce6021e6817c9f7ad4fea205fc60e12aec8d378284b71,ff3c12dc5bcd6c2c5a1bfd23ad54bbea36a824c25038286acdc260581163b8b7
2023-04-30 00:00:00.000,3. Surplus,3.4. Currency translation,3.4.1. Currency translation effects,3.4.1.2. Changes in liabilities,2. M2M,0x307861653761623936353230646533613138653565313131623565616162303935333132643766653834,0.0,0,0,0,0,0.0,0,0,0,0,0,0x204ea0b169c6f7d2a36eae4ebc7839a255a29a4d99295c49be078bcf6ddf74fd,72ea1fc48701f176a01504cf99634ef962e1ff26e8de6bd4deaacba01f09dfa3
2023-04-30 00:00:00.000,3. Surplus,3.4. Currency translation,3.4.1. Currency translation effects,3.4.1.2. Changes in liabilities,2. M2M,0x307861653761623936353230646533613138653565313131623565616162303935333132643766653834,0.0,-0,-0,0,0,0.0,0,0,0,0,0,noHash:DailyMarkToMarket,55f28f0bd97597fa32e36ed45de46f3e4f08ca8f354c09c31496aeb620cc2c20
2023-05-01 00:00:00.000,3. Surplus,3.4. Currency translation,3.4.1. Currency translation effects,3.4.1.2. Changes in liabilities,2. M2M,0x307861653761623936353230646533613138653565313131623565616162303935333132643766653834,0.0,-0,-0,0,0,0.0,0,0,0,0,0,noHash:DailyMarkToMarket,dbe6f8ab8e2a2bc5e6d86dd9728d5659afc8b0c1ae9114f36bdf2f55a9421e50
2023-04-30 00:00:00.000,3. Surplus,3.4. Currency translation,3.4.1. Currency translation effects,3.4.1.2. Changes in liabilities,2. M2M,0x307863303261616133396232323366653864306130653563346632376561643930383363373536636332,0.0,0,0,0,0,0.0,0,0,0,0,0,noHash:DailyMarkToMarket,41c7bbb8edffa97006c12b8e546e779fc9897fc73bbc32c6dba2341f7e2bbd54
2023-05-01 00:00:00.000,3. Surplus,3.4. Currency translation,3.4.1. Currency translation effects,3.4.1.2. Changes in liabilities,2. M2M,0x307863303261616133396232323366653864306130653563346632376561643930383363373536636332,0.0,-0,-0,0,0,0.0,0,0,0,0,0,noHash:DailyMarkToMarket,3dd0b8b1e71d6d8a04b3e2373d621ab48f43bcdbcd0228770da707bc4e118e17
2023-04-30 00:00:00.000,3. Surplus,3.4. Currency translation,3.4.1. Currency translation effects,3.4.1.1. Changes in assets,2. M2M,0x3764486257586d63693364543855465957595a7765424c5867796375375933694c3674724b6e31593741526a,0.0,0,0,0,0,0.0,0,0,0,0,0,noHash:DailyMarkToMarket,34a39f141d9f4c90f0d5213c9cf216ca15d54f4fba2bd4f3c2a206093089a409
2023-05-01 00:00:00.000,3. Surplus,3.4. Currency translation,3.4.1. Currency translation effects,3.4.1.1. Changes in assets,2. M2M,0x3764486257586d63693364543855465957595a7765424c5867796375375933694c3674724b6e31593741526a,0.0,0,0,0,0,0.0,0,0,0,0,0,noHash:DailyMarkToMarket,da70e1b818e74e22531f1a21050e9ad74864690045b71c8b5b416c53250dfde2
2023-04-30 00:00:00.000,3. Surplus,3.4. Currency translation,3.4.1. Currency translation effects,3.4.1.2. Changes in liabilities,2. M2M,0x307861653761623936353230646533613138653565313131623565616162303935333132643766653834,0.0,0,0,0,0,5.408806945044296e+21,0,0,0,0,0,0x438c9d2b09ffafb61436dd5f61f32fceac3c8b782eed21e62b2b7111702e17e4,a08ff359da24ab537c15e564a30a68165da92332650169031b8ca4ee6bb7bde3
2023-04-30 00:00:00.000,3. Surplus,3.4. Currency translation,3.4.1. Currency translation effects,3.4.1.2. Changes in liabilities,2. M2M,0x307861653761623936353230646533613138653565313131623565616162303935333132643766653834,0.0,-0,-0,0,0,5.408806945044296e+21,0,0,5.408806945044296e+21,0,0,0x1d13930b46e9bab511c8e0cfdb5ba514133537a631d958d86d4a3784c18e07bd,843bf2a7e8fe7b297b2b06332c3ba621cd8cd54a4e88547d2c453a11ff1a683c
2023-04-30 00:00:00.000,3. Surplus,3.4. Currency translation,3.4.1. Currency translation effects,3.4.1.2. Changes in liabilities,2. M2M,0x307861653761623936353230646533613138653565313131623565616162303935333132643766653834,0.0,-0,-0,0,0,5.408806945044296e+21,0,0,5.408806945044296e+21,0,0,0x96f5b43142c5c9aec860d6984dc11d8784d907c98b17501e26ec24230d8845e2,c184ab42096368dcf0d21f5fa31bf5b979aec3a11ef71bfc4180ce6fee55ea4e
2023-04-30 00:00:00.000,3. Surplus,3.4. Currency translation,3.4.1. Currency translation effects,3.4.1.2. Changes in liabilities,2. M2M,0x307861653761623936353230646533613138653565313131623565616162303935333132643766653834,0.0,-0,-0,0,0,5.408806945044296e+21,0,0,5.408806945044296e+21,0,0,0x204ea0b169c6f7d2a36eae4ebc7839a255a29a4d99295c49be078bcf6ddf74fd,c4e97d6fc918db15a0775e45bae5fa0c1f6bb1f462882f5e87de5c8208269400
2023-04-30 00:00:00.000,3. Surplus,3.4. Currency translation,3.4.1. Currency translation effects,3.4.1.2. Changes in liabilities,2. M2M,0x307861653761623936353230646533613138653565313131623565616162303935333132643766653834,0.0,-0,-0,0,0,5.408806945044296e+21,0,0,5.408806945044296e+21,0,0,0x9a4fd8a96ca44b8de3c29cdc353f58b076eae3c46754666a82ad3c9ce57f8960,51f8bbd6ee3126f82714f1c5cd641780806a8c188010a015fa05623767576f4d
2023-04-30 00:00:00.000,3. Surplus,3.4. Currency translation,3.4.1. Currency translation effects,3.4.1.2. Changes in liabilities,2. M2M,0x307861653761623936353230646533613138653565313131623565616162303935333132643766653834,0.0,-0,-0,0,0,5.408806945044296e+21,0,0,5.408806945044296e+21,0,0,0xcd2eb593ceb0aa61ee607c235d3f52b24df59882530060d0f9ad5b4419825d6a,750e80fa149fc2a9bf3b4bf89d94cb0e29949b4327f38f3dae78ffa72c4cae2e
2023-04-30 00:00:00.000,3. Surplus,3.4. Currency translation,3.4.1. Currency translation effects,3.4.1.2. Changes in liabilities,2. M2M,0x307861653761623936353230646533613138653565313131623565616162303935333132643766653834,0.0,-0,-0,0,0,5.408806945044296e+21,0,0,5.408806945044296e+21,0,0,noHash:DailyMarkToMarket,48bf8524b3d61723db0e154003b51fe6a750c70f97a4730b05aba339c70c0802
2023-04-30 00:00:00.000,3. Surplus,3.4. Currency translation,3.4.1. Currency translation effects,3.4.1.2. Changes in liabilities,2. M2M,0x307861653761623936353230646533613138653565313131623565616162303935333132643766653834,0.0,-0,-0,0,0,5.408806945044296e+21,0,0,5.408806945044296e+21,0,0,0xbe7dda99625b859f11e9ce808db87f563294de8cee3e43016e95ecbdf57af908,187e8034494cd11b474e653360c1a6e0d5c0d0e86e09dc3198b797a7be402b74
2023-04-30 00:00:00.000,3. Surplus,3.4. Currency translation,3.4.1. Currency translation effects,3.4.1.2. Changes in liabilities,2. M2M,0x307861653761623936353230646533613138653565313131623565616162303935333132643766653834,0.0,-0,-0,0,0,5.408806945044296e+21,0,0,5.408806945044296e+21,0,0,0xae554d01aa0f13b2ef5aa5170e6013fbfae7ea9358659380a34c606177915e71,ea39325ea071851b248ca39723996a9edfd34e8b348c225a77a00146598681c8
2023-04-30 00:00:00.000,3. Surplus,3.4. Currency translation,3.4.1. Currency translation effects,3.4.1.2. Changes in liabilities,2. M2M,0x307861653761623936353230646533613138653565313131623565616162303935333132643766653834,0.0,-0,-0,0,0,5.408806945044296e+21,0,0,5.408806945044296e+21,0,0,0x55fe8e3dbf02a6d027ec662772fcb99b30883d73e62de6fc682387029c57f4c4,117255923a8d8938de85da2bfaa860fe638ca428273b53faa05d0b87cbdfb738
2023-05-01 00:00:00.000,3. Surplus,3.4. Currency translation,3.4.1. Currency translation effects,3.4.1.2. Changes in liabilities,2. M2M,0x307861653761623936353230646533613138653565313131623565616162303935333132643766653834,0.0,-0,-0,0,0,5.408806945044296e+21,0,0,5.408806945044296e+21,0,0,noHash:DailyMarkToMarket,d7be30f64d35129b9c1d3946e2b3b20f6498829ac716f08cf776bceafed7fa3f
2023-04-30 00:00:00.000,1. Assets,1.3. Protocol Assets,1.3.1. Protocol Assets,1.3.1.4. Other,2. M2M,0x307861306238363939316336323138623336633164313964346132653965623063653336303665623438,0.0,0,0,0,0,0.0,0,0,0,0,0,noHash:DailyMarkToMarket,b17d8a779c40cd49502fa734c7764d835dd112e1b1b0288cfc741b7dd3436b0a
2023-05-01 00:00:00.000,1. Assets,1.3. Protocol Assets,1.3.1. Protocol Assets,1.3.1.4. Other,2. M2M,0x307861306238363939316336323138623336633164313964346132653965623063653336303665623438,0.0,0,0,0,0,0.0,0,0,0,0,0,noHash:DailyMarkToMarket,2024b2f71fed1edf4d9948968c16815cabe5ece603b5e125ba5c8a89b14353d1
2023-04-30 00:00:00.000,2. Liabilities,2.1. Staked Assets,2.1.1. stETH in Circulation,-,2. M2M,0x307863303261616133396232323366653864306130653563346632376561643930383363373536636332,0.0,0,0,0,0,0.0,0,0,0,0,0,noHash:DailyMarkToMarket,544accca4fb5d6a5a3f1606760fbd85450596a38df782fba38ae2a162d68f02e
2023-05-01 00:00:00.000,2. Liabilities,2.1. Staked Assets,2.1.1. stETH in Circulation,-,2. M2M,0x307863303261616133396232323366653864306130653563346632376561643930383363373536636332,0.0,0,0,0,0,0.0,0,0,0,0,0,noHash:DailyMarkToMarket,a3b0333abd105de8dec5edd39e9780e6a87a81eb49fbd34ef0fd33e528e6eb4b
2023-04-30 00:00:00.000,2. Liabilities,2.2. Slashing Provision,2.2.1. Slashing Provision,-,2. M2M,0x307861653761623936353230646533613138653565313131623565616162303935333132643766653834,0.0,0,0,0,0,0.0,0,0,0,0,0,0x204ea0b169c6f7d2a36eae4ebc7839a255a29a4d99295c49be078bcf6ddf74fd,c024dcc74aeedd07b3c7c70984f22bb62e8cfff703de24d8c9175ec3564b8a3a
2023-04-30 00:00:00.000,2. Liabilities,2.2. Slashing Provision,2.2.1. Slashing Provision,-,2. M2M,0x307861653761623936353230646533613138653565313131623565616162303935333132643766653834,0.0,0,0,0,0,0.0,0,0,0,0,0,noHash:DailyMarkToMarket,63ea9b10801ac98911c82eed5b0557c40a4d4cedfdcec47372458be8ddd56821
2023-05-01 00:00:00.000,2. Liabilities,2.2. Slashing Provision,2.2.1. Slashing Provision,-,2. M2M,0x307861653761623936353230646533613138653565313131623565616162303935333132643766653834,0.0,0,0,0,0,0.0,0,0,0,0,0,noHash:DailyMarkToMarket,578a45e21da4f3232227a23dc33de82655c357cae08c8b0956686a650527d2e4
2023-04-30 00:00:00.000,1. Assets,1.3. Protocol Assets,1.3.1. Protocol Assets,1.3.1.3. ETH,2. M2M,0x307863303261616133396232323366653864306130653563346632376561643930383363373536636332,0.0,0,0,0,0,0.0,0,0,0,0,0,noHash:DailyMarkToMarket,e98542e8ff019b25ff8f13ec4765de0a8a92b4214c202962f5e91541e760eaa3
2023-04-30 00:00:00.000,1. Assets,1.3. Protocol Assets,1.3.1. Protocol Assets,1.3.1.3. ETH,2. M2M,0x307863303261616133396232323366653864306130653563346632376561643930383363373536636332,0.0,0,0,0,0,0.0,0,0,0,0,0,0xad430edf3531413b9c6ce6021e6817c9f7ad4fea205fc60e12aec8d378284b71,e8fc888ccbc450ad37fc4d17ea44f6c73c0515bc57af9888511ae4e26def7357
2023-04-30 00:00:00.000,1. Assets,1.3. Protocol Assets,1.3.1. Protocol Assets,1.3.1.3. ETH,2. M2M,0x307863303261616133396232323366653864306130653563346632376561643930383363373536636332,0.0,0,0,0,0,0.0,0,0,0,0,0,0x8538d896d330da070d077e9cabdf250a07006a765c648af6bf542f948d4c37f4,200a7d5b48c3b4434a59b7bb780a560ccc78d04c2d95614cbbb9e42147db177f
2023-05-01 00:00:00.000,1. Assets,1.3. Protocol Assets,1.3.1. Protocol Assets,1.3.1.3. ETH,2. M2M,0x307863303261616133396232323366653864306130653563346632376561643930383363373536636332,0.0,0,0,0,0,0.0,0,0,0,0,0,noHash:DailyMarkToMarket,9c4f8ad754fa2c3b35eb00a4496401db4dd63abb6bdcbac101094ca43ccc5ca9
2023-04-30 00:00:00.000,2. Liabilities,2.2. Slashing Provision,2.2.1. Slashing Provision,-,2. M2M,0x307863303261616133396232323366653864306130653563346632376561643930383363373536636332,0.0,0,0,0,0,0.0,0,0,0,0,0,noHash:DailyMarkToMarket,9b2f52c20fcb23749688d5057172d63387a08b99983dc145115190441ed7e2fc
2023-05-01 00:00:00.000,2. Liabilities,2.2. Slashing Provision,2.2.1. Slashing Provision,-,2. M2M,0x307863303261616133396232323366653864306130653563346632376561643930383363373536636332,0.0,0,0,0,0,0.0,0,0,0,0,0,noHash:DailyMarkToMarket,1ddee8d9988b740a5b7a8f8493dd81ae66b1540daec64b2263313573dcb5900e
2023-04-30 00:00:00.000,1. Assets,1.2. Slashing Provision,1.2.2. Slashing Provision Contra Assets,-,2. M2M,0x307863303261616133396232323366653864306130653563346632376561643930383363373536636332,0.0,0,0,0,0,0.0,0,0,0,0,0,noHash:DailyMarkToMarket,90666f84c4c4959f581c1d323056f57d9ad470263532a9aee69147b2db1ba088
2023-05-01 00:00:00.000,1. Assets,1.2. Slashing Provision,1.2.2. Slashing Provision Contra Assets,-,2. M2M,0x307863303261616133396232323366653864306130653563346632376561643930383363373536636332,0.0,0,0,0,0,0.0,0,0,0,0,0,noHash:DailyMarkToMarket,9dadd1787a2487e0f1014710dd59bd8ab813222ac77b71e32c29711222c97bb2
2023-04-30 00:00:00.000,1. Assets,1.2. Slashing Provision,1.2.1. Slashing Provision,-,2. M2M,0x307863303261616133396232323366653864306130653563346632376561643930383363373536636332,0.0,0,0,0,0,0.0,0,0,0,0,0,noHash:DailyMarkToMarket,a445b32fb2b201d0816b229901fd2792450a6affa83d94efb1ecf4495567c79c
2023-05-01 00:00:00.000,1. Assets,1.2. Slashing Provision,1.2.1. Slashing Provision,-,2. M2M,0x307863303261616133396232323366653864306130653563346632376561643930383363373536636332,0.0,0,0,0,0,0.0,0,0,0,0,0,noHash:DailyMarkToMarket,48649ab8f1522129964183c1f3b13748e7d083ba67e84b220657c59c95835fa4
2023-04-30 00:00:00.000,1. Assets,1.3. Protocol Assets,1.3.1. Protocol Assets,1.3.1.4. Other,2. M2M,0x307837643161666137623731386662383933646233306133616263306366633630386161636665626230,0.0,0,0,0,0,2.968894852139641e+20,0,0,0,0,0,noHash:DailyMarkToMarket,b0f02633f4026bb2efdeeb6a658265422b5cc8004a23e7909f5f12e790c808ea
2023-04-30 00:00:00.000,1. Assets,1.3. Protocol Assets,1.3.1. Protocol Assets,1.3.1.4. Other,2. M2M,0x307837643161666137623731386662383933646233306133616263306366633630386161636665626230,0.0,0,0,0,0,2.968894852139641e+20,0,0,2.968894852139641e+20,0,0,0x8567a26215dc289d46b1afc444b926ffc20a6f7a2e9ba7ba76d9513462eb0114,69da71f40446fedf45de0a988a6414e79ce80f426be5ff614b687baead0280fe
2023-05-01 00:00:00.000,1. Assets,1.3. Protocol Assets,1.3.1. Protocol Assets,1.3.1.4. Other,2. M2M,0x307837643161666137623731386662383933646233306133616263306366633630386161636665626230,0.0,0,0,0,0,2.968894852139641e+20,0,0,2.968894852139641e+20,0,0,noHash:DailyMarkToMarket,53bb4a18d208c227847af40b0bdde3760418ee6dbc04b23d632f0336166e460e
2023-04-30 00:00:00.000,1. Assets,1.3. Protocol Assets,1.3.1. Protocol Assets,1.3.1.1. stETH,2. M2M,0x307863303261616133396232323366653864306130653563346632376561643930383363373536636332,0.0,0,0,0,0,0.0,0,0,0,0,0,noHash:DailyMarkToMarket,9a9b3d2cde7c05ebe2a5de9957e1a1034546a425936b9113b34860d64aecf8af
2023-05-01 00:00:00.000,1. Assets,1.3. Protocol Assets,1.3.1. Protocol Assets,1.3.1.1. stETH,2. M2M,0x307863303261616133396232323366653864306130653563346632376561643930383363373536636332,0.0,0,0,0,0,0.0,0,0,0,0,0,noHash:DailyMarkToMarket,73cd2940c6c8814b9a4ddf4c80e7929f6642fc729fd1e0b56bfbbc5fa587e0de
2023-04-30 00:00:00.000,1. Assets,1.2. Slashing Provision,1.2.2. Slashing Provision Contra Assets,-,2. M2M,0x307861653761623936353230646533613138653565313131623565616162303935333132643766653834,0.0,0,0,0,0,0.0,0,0,0,0,0,0x204ea0b169c6f7d2a36eae4ebc7839a255a29a4d99295c49be078bcf6ddf74fd,00d68b1098b374b550455b357f164a28e627ee0fbc90c8eb7278427a8c1dcc7d
2023-04-30 00:00:00.000,1. Assets,1.2. Slashing Provision,1.2.2. Slashing Provision Contra Assets,-,2. M2M,0x307861653761623936353230646533613138653565313131623565616162303935333132643766653834,0.0,0,0,0,0,0.0,0,0,0,0,0,noHash:DailyMarkToMarket,0770e617d43b9a007a4acf8d5ea9a0d4e38376ab4ffce662dbc1b6f967f3df6c
2023-05-01 00:00:00.000,1. Assets,1.2. Slashing Provision,1.2.2. Slashing Provision Contra Assets,-,2. M2M,0x307861653761623936353230646533613138653565313131623565616162303935333132643766653834,0.0,0,0,0,0,0.0,0,0,0,0,0,noHash:DailyMarkToMarket,3aefc83404668dbf47599b77c6e594c7087a9e5a7eaf08dfe840e2f53fa8b849
2023-04-30 00:00:00.000,1. Assets,1.3. Protocol Assets,1.3.1. Protocol Assets,1.3.1.1. stETH,2. M2M,0x307861653761623936353230646533613138653565313131623565616162303935333132643766653834,0.0,0,0,0,0,4.32403472522148e+19,0,0,0,0,0,0x204ea0b169c6f7d2a36eae4ebc7839a255a29a4d99295c49be078bcf6ddf74fd,5d866b5781c5a4abd7b974328c1bf05b1132ea0e8123c793f0009a35d3120155
2023-04-30 00:00:00.000,1. Assets,1.3. Protocol Assets,1.3.1. Protocol Assets,1.3.1.1. stETH,2. M2M,0x307861653761623936353230646533613138653565313131623565616162303935333132643766653834,0.0,0,0,0,0,4.32403472522148e+19,0,0,4.32403472522148e+19,0,0,noHash:DailyMarkToMarket,6d9ed31ffa363907a195129f9ae8ce686ebf41ae7b6ef42396458038dc0b92c3
2023-05-01 00:00:00.000,1. Assets,1.3. Protocol Assets,1.3.1. Protocol Assets,1.3.1.1. stETH,2. M2M,0x307861653761623936353230646533613138653565313131623565616162303935333132643766653834,0.0,0,0,0,0,4.32403472522148e+19,0,0,4.32403472522148e+19,0,0,noHash:DailyMarkToMarket,c1cb70316f59b97aca45ffdb8419423dadea2605dd1980caecafd63d561a2b8b
2023-04-30 00:00:00.000,1. Assets,1.3. Protocol Assets,1.3.1. Protocol Assets,1.3.1.2. DAI,2. M2M,0x307836623137353437346538393039346334346461393862393534656564656163343935323731643066,0.0,0,0,0,0,0.0,0,0,0,0,0,noHash:DailyMarkToMarket,e4bca5974b3db9d634e27021673de1058e9eb5dcfab47e3ced22e5615ad1915e
2023-05-01 00:00:00.000,1. Assets,1.3. Protocol Assets,1.3.1. Protocol Assets,1.3.1.2. DAI,2. M2M,0x307836623137353437346538393039346334346461393862393534656564656163343935323731643066,0.0,0,0,0,0,0.0,0,0,0,0,0,noHash:DailyMarkToMarket,73c5a0e0ebfcd238ff963093156f44ec6f9bc3a3b4b22bdeeb7131dade3615b7
2023-04-30 00:00:00.000,1. Assets,1.1. Staked Assets,1.1.1. Staked ETH,-,2. M2M,0x307861653761623936353230646533613138653565313131623565616162303935333132643766653834,0.0,0,0,0,0,8.648069450442956e+20,0,0,0,0,0,noHash:DailyMarkToMarket,bcb42222fe8dc42a4fe0972f9072d2e95a03ba8e98b6a385bff87126bcd87945
2023-04-30 00:00:00.000,1. Assets,1.1. Staked Assets,1.1.1. Staked ETH,-,2. M2M,0x307861653761623936353230646533613138653565313131623565616162303935333132643766653834,0.0,0,0,0,0,8.648069450442956e+20,0,0,8.648069450442956e+20,0,0,0x204ea0b169c6f7d2a36eae4ebc7839a255a29a4d99295c49be078bcf6ddf74fd,044393cd1ec012a01a8da6d4faa04387487645ec9ac87affb76d210e4b280910
2023-05-01 00:00:00.000,1. Assets,1.1. Staked Assets,1.1.1. Staked ETH,-,2. M2M,0x307861653761623936353230646533613138653565313131623565616162303935333132643766653834,0.0,0,0,0,0,8.648069450442956e+20,0,0,8.648069450442956e+20,0,0,noHash:DailyMarkToMarket,b8ff7f938e9ff744d511d23fa9b7ac8bb7d755a187ab596c1dff41f37907a805
2023-04-30 00:00:00.000,1. Assets,1.2. Slashing Provision,1.2.1. Slashing Provision,-,2. M2M,0x307861653761623936353230646533613138653565313131623565616162303935333132643766653834,0.0,0,0,0,0,0.0,0,0,0,0,0,0x204ea0b169c6f7d2a36eae4ebc7839a255a29a4d99295c49be078bcf6ddf74fd,5e68158ec70e82a373c36b67c9c4fea8d3b245778dc832269f55b3fc8d48a823
2023-04-30 00:00:00.000,1. Assets,1.2. Slashing Provision,1.2.1. Slashing Provision,-,2. M2M,0x307861653761623936353230646533613138653565313131623565616162303935333132643766653834,0.0,0,0,0,0,0.0,0,0,0,0,0,noHash:DailyMarkToMarket,4c1de4aef5b889bc70bde84731a395a71d8c16cb7a5fd5ad983f9e6d38e72904
2023-05-01 00:00:00.000,1. Assets,1.2. Slashing Provision,1.2.1. Slashing Provision,-,2. M2M,0x307861653761623936353230646533613138653565313131623565616162303935333132643766653834,0.0,0,0,0,0,0.0,0,0,0,0,0,noHash:DailyMarkToMarket,98549d75437fe6274fd4610b9fce435d2d7ef694a4ad3c4cd293dde9390f7d6c
2023-04-30 00:00:00.000,1. Assets,1.3. Protocol Assets,1.3.1. Protocol Assets,1.3.1.4. Other,2. M2M,0x3764486257586d63693364543855465957595a7765424c5867796375375933694c3674724b6e31593741526a,0.0,0,0,0,0,0.0,0,0,0,0,0,noHash:DailyMarkToMarket,6622fe9b41f52e8aca7e2629125af1b2d5e927c9d195508c5436bd3f144870ec
2023-05-01 00:00:00.000,1. Assets,1.3. Protocol Assets,1.3.1. Protocol Assets,1.3.1.4. Other,2. M2M,0x3764486257586d63693364543855465957595a7765424c5867796375375933694c3674724b6e31593741526a,0.0,0,0,0,0,0.0,0,0,0,0,0,noHash:DailyMarkToMarket,90da13fa5ed50e08854499a2dc703305c1a5f7adce9574056ade5566c6c7276e
2023-04-30 00:00:00.000,2. Liabilities,2.1. Staked Assets,2.1.1. stETH in Circulation,-,2. M2M,0x307861653761623936353230646533613138653565313131623565616162303935333132643766653834,0.0,0,0,0,0,5.408806945044296e+21,0,0,0,0,0,0x96f5b43142c5c9aec860d6984dc11d8784d907c98b17501e26ec24230d8845e2,ae6002a2a1fe9915ed2239fd3c8104bd46aa67c5903db566e01eca42b8372d39
2023-04-30 00:00:00.000,2. Liabilities,2.1. Staked Assets,2.1.1. stETH in Circulation,-,2. M2M,0x307861653761623936353230646533613138653565313131623565616162303935333132643766653834,0.0,0,0,0,0,5.408806945044296e+21,0,0,5.408806945044296e+21,0,0,0x204ea0b169c6f7d2a36eae4ebc7839a255a29a4d99295c49be078bcf6ddf74fd,febb947f22fa5bda40f275ec9c253fb9f3028484f766072fdab3a3d59055472e
2023-04-30 00:00:00.000,2. Liabilities,2.1. Staked Assets,2.1.1. stETH in Circulation,-,2. M2M,0x307861653761623936353230646533613138653565313131623565616162303935333132643766653834,0.0,0,0,0,0,5.408806945044296e+21,0,0,5.408806945044296e+21,0,0,0x438c9d2b09ffafb61436dd5f61f32fceac3c8b782eed21e62b2b7111702e17e4,6c6357f8dfbb1acf47f5294d7654b5b4cec440d96898c769ff2a0271f8f70e76
2023-04-30 00:00:00.000,2. Liabilities,2.1. Staked Assets,2.1.1. stETH in Circulation,-,2. M2M,0x307861653761623936353230646533613138653565313131623565616162303935333132643766653834,0.0,0,0,0,0,5.408806945044296e+21,0,0,5.408806945044296e+21,0,0,0x1d13930b46e9bab511c8e0cfdb5ba514133537a631d958d86d4a3784c18e07bd,1ed825a1e1561a2054316b18fe559b2f5d412484b946a8e2ae0c85b91b98bc7c
2023-04-30 00:00:00.000,2. Liabilities,2.1. Staked Assets,2.1.1. stETH in Circulation,-,2. M2M,0x307861653761623936353230646533613138653565313131623565616162303935333132643766653834,0.0,0,0,0,0,5.408806945044296e+21,0,0,5.408806945044296e+21,0,0,0x55fe8e3dbf02a6d027ec662772fcb99b30883d73e62de6fc682387029c57f4c4,bc68e3828569aaf5e86535cbf28446bee598f08f18a8d012f34d48cd435f420c
2023-04-30 00:00:00.000,2. Liabilities,2.1. Staked Assets,2.1.1. stETH in Circulation,-,2. M2M,0x307861653761623936353230646533613138653565313131623565616162303935333132643766653834,0.0,0,0,0,0,5.408806945044296e+21,0,0,5.408806945044296e+21,0,0,0xbe7dda99625b859f11e9ce808db87f563294de8cee3e43016e95ecbdf57af908,4a57fc3836507e4833336c0931ede523597876f7951c37caccfcab260c80d98f
2023-04-30 00:00:00.000,2. Liabilities,2.1. Staked Assets,2.1.1. stETH in Circulation,-,2. M2M,0x307861653761623936353230646533613138653565313131623565616162303935333132643766653834,0.0,0,0,0,0,5.408806945044296e+21,0,0,5.408806945044296e+21,0,0,0xcd2eb593ceb0aa61ee607c235d3f52b24df59882530060d0f9ad5b4419825d6a,5f87529da8bb4586fe38dfb2bf9d192953f03fecfa1df3a07c90731227ef18b8
2023-04-30 00:00:00.000,2. Liabilities,2.1. Staked Assets,2.1.1. stETH in Circulation,-,2. M2M,0x307861653761623936353230646533613138653565313131623565616162303935333132643766653834,0.0,0,0,0,0,5.408806945044296e+21,0,0,5.408806945044296e+21,0,0,noHash:DailyMarkToMarket,3849b464685cb86654ec9e1bc551a67350ceeaab6ee3fcb761ec63f940eca7f2
2023-04-30 00:00:00.000,2. Liabilities,2.1. Staked Assets,2.1.1. stETH in Circulation,-,2. M2M,0x307861653761623936353230646533613138653565313131623565616162303935333132643766653834,0.0,0,0,0,0,5.408806945044296e+21,0,0,5.408806945044296e+21,0,0,0xae554d01aa0f13b2ef5aa5170e6013fbfae7ea9358659380a34c606177915e71,3d94952fee882fd0a8d4a4215853a700f5e1d863a0184eb04b31bdd0a654ade9
2023-04-30 00:00:00.000,2. Liabilities,2.1. Staked Assets,2.1.1. stETH in Circulation,-,2. M2M,0x307861653761623936353230646533613138653565313131623565616162303935333132643766653834,0.0,0,0,0,0,5.408806945044296e+21,0,0,5.408806945044296e+21,0,0,0x9a4fd8a96ca44b8de3c29cdc353f58b076eae3c46754666a82ad3c9ce57f8960,a3b09c34d83c191792246f2f3d198b7ca4d617b3a03c3fa7717f32afd2a723b4
2023-05-01 00:00:00.000,2. Liabilities,2.1. Staked Assets,2.1.1. stETH in Circulation,-,2. M2M,0x307861653761623936353230646533613138653565313131623565616162303935333132643766653834,0.0,0,0,0,0,5.408806945044296e+21,0,0,5.408806945044296e+21,0,0,noHash:DailyMarkToMarket,5a545724341c0c607e226a04b93e3b249979566ba7904cb0acb85159199982f8
2023-04-30 00:00:00.000,1. Assets,1.1. Staked Assets,1.1.1. Staked ETH,-,2. M2M,0x307863303261616133396232323366653864306130653563346632376561643930383363373536636332,0.0,0,0,0,0,4.544e+21,0,0,0,0,0,0xcd2eb593ceb0aa61ee607c235d3f52b24df59882530060d0f9ad5b4419825d6a,4b7e27ee64b4da8ddff0e61f15fece2b29a94f2db3ee4d410966b8359f07ddbd
2023-04-30 00:00:00.000,1. Assets,1.1. Staked Assets,1.1.1. Staked ETH,-,2. M2M,0x307863303261616133396232323366653864306130653563346632376561643930383363373536636332,0.0,0,0,0,0,4.544e+21,0,0,4.544e+21,0,0,0xae554d01aa0f13b2ef5aa5170e6013fbfae7ea9358659380a34c606177915e71,865348316516df0ec23b16a683cc4c52ed5a85916859926b1facf5615bb5cb2d
2023-04-30 00:00:00.000,1. Assets,1.1. Staked Assets,1.1.1. Staked ETH,-,2. M2M,0x307863303261616133396232323366653864306130653563346632376561643930383363373536636332,0.0,0,0,0,0,4.544e+21,0,0,4.544e+21,0,0,0x9a4fd8a96ca44b8de3c29cdc353f58b076eae3c46754666a82ad3c9ce57f8960,13ad6b3815202bd85559dfc5d43617f165824bbd3387d47059c7861912ee9e3c
2023-04-30 00:00:00.000,1. Assets,1.1. Staked Assets,1.1.1. Staked ETH,-,2. M2M,0x307863303261616133396232323366653864306130653563346632376561643930383363373536636332,0.0,0,0,0,0,4.544e+21,0,0,4.544e+21,0,0,0x55fe8e3dbf02a6d027ec662772fcb99b30883d73e62de6fc682387029c57f4c4,3f71e201da5befca6374c1d7a8cc363e4ddc42f1868bea45c42077719a2bb121
2023-04-30 00:00:00.000,1. Assets,1.1. Staked Assets,1.1.1. Staked ETH,-,2. M2M,0x307863303261616133396232323366653864306130653563346632376561643930383363373536636332,0.0,0,0,0,0,4.544e+21,0,0,4.544e+21,0,0,0x96f5b43142c5c9aec860d6984dc11d8784d907c98b17501e26ec24230d8845e2,15c9efe4187b073f8fffdc2c5461e92b2f214f1f11c1609c6391c9b802d38108
2023-04-30 00:00:00.000,1. Assets,1.1. Staked Assets,1.1.1. Staked ETH,-,2. M2M,0x307863303261616133396232323366653864306130653563346632376561643930383363373536636332,0.0,0,0,0,0,4.544e+21,0,0,4.544e+21,0,0,noHash:DailyMarkToMarket,b580286133877d34c06fff664e61b89cc006d450bb37f7772c65cb256fa667b2
2023-04-30 00:00:00.000,1. Assets,1.1. Staked Assets,1.1.1. Staked ETH,-,2. M2M,0x307863303261616133396232323366653864306130653563346632376561643930383363373536636332,0.0,0,0,0,0,4.544e+21,0,0,4.544e+21,0,0,0x438c9d2b09ffafb61436dd5f61f32fceac3c8b782eed21e62b2b7111702e17e4,3f9467a1cf63bbea9b7994fab075be107c976832bc1b65e4072f1f02599dde04
2023-04-30 00:00:00.000,1. Assets,1.1. Staked Assets,1.1.1. Staked ETH,-,2. M2M,0x307863303261616133396232323366653864306130653563346632376561643930383363373536636332,0.0,0,0,0,0,4.544e+21,0,0,4.544e+21,0,0,0x1d13930b46e9bab511c8e0cfdb5ba514133537a631d958d86d4a3784c18e07bd,78b5ad345831cf22e64686282fcd4b89a68d7a2ad50969bb5e23a26b53d24f23
2023-04-30 00:00:00.000,1. Assets,1.1. Staked Assets,1.1.1. Staked ETH,-,2. M2M,0x307863303261616133396232323366653864306130653563346632376561643930383363373536636332,0.0,0,0,0,0,4.544e+21,0,0,4.544e+21,0,0,0xbe7dda99625b859f11e9ce808db87f563294de8cee3e43016e95ecbdf57af908,3375cad1f9ced45a3e60ccee338b29bcdbf93ea4cbad09933716cb6d44a973fb
2023-05-01 00:00:00.000,1. Assets,1.1. Staked Assets,1.1.1. Staked ETH,-,2. M2M,0x307863303261616133396232323366653864306130653563346632376561643930383363373536636332,0.0,0,0,0,0,4.544e+21,0,0,4.544e+21,0,0,noHash:DailyMarkToMarket,b0c3cf1e6256d3f1995b7aafde0a387ad9e855005d1ca138398118e88facb6ff
2023-04-30 00:00:00.000,1. Assets,1.3. Protocol Assets,1.3.1. Protocol Assets,1.3.1.4. Other,2. M2M,0x307864616331376639353864326565353233613232303632303639393435393763313364383331656337,0.0,0,0,0,0,0.0,0,0,0,0,0,noHash:DailyMarkToMarket,3e637ce0e4297f69d700265ee9b3a09c187134beed9670d57b6fa310b532ddf9
2023-05-01 00:00:00.000,1. Assets,1.3. Protocol Assets,1.3.1. Protocol Assets,1.3.1.4. Other,2. M2M,0x307864616331376639353864326565353233613232303632303639393435393763313364383331656337,0.0,0,0,0,0,0.0,0,0,0,0,0,noHash:DailyMarkToMarket,7d2366e7cb38cd48f0aa301409ad7d79e882c69fd900f4fcd0ff611b1d100176
